fp,u2,equilibrium_type,final_alpha,final_beta,final_gamma
10,0.1,2,4.35514787533234e-08,1,4.94065645841247e-324
13.8775510204082,0.1,2,4.29181828497475e-08,1,4.94065645841247e-324
17.7551020408163,0.1,2,4.21668197835473e-08,1,4.94065645841247e-324
21.6326530612245,0.1,2,1.17822605511873e-08,1,4.94065645841247e-324
25.5102040816327,0.1,2,2.1801421150594e-08,1,4.94065645841247e-324
29.3877551020408,0.1,2,1.86501361436317e-08,1,4.94065645841247e-324
33.265306122449,0.1,2,1.46251856633912e-08,1,4.94065645841247e-324
37.1428571428571,0.1,2,3.24801313262322e-09,1,4.94065645841247e-324
41.0204081632653,0.1,2,4.77307962666668e-11,1,4.94065645841247e-324
44.8979591836735,0.1,2,1.17057257607087e-08,1,4.94065645841247e-324
48.7755102040816,0.1,2,1.28236387420667e-08,1,4.94065645841247e-324
52.6530612244898,0.1,2,2.63407433952327e-08,1,4.94065645841247e-324
56.530612244898,0.1,2,7.31477329429194e-08,1,4.94065645841247e-324
60.4081632653061,0.1,2,1.12492493838319e-08,1,4.94065645841247e-324
64.2857142857143,0.1,2,1.11147306293683e-08,1,4.94065645841247e-324
68.1632653061224,0.1,2,1.09657684683236e-08,1,4.94065645841247e-324
72.0408163265306,0.1,2,1.08067116884385e-08,1,4.94065645841247e-324
75.9183673469388,0.1,2,1.02437093403243e-08,1,4.94065645841247e-324
79.7959183673469,0.1,2,9.47934871915023e-09,1,4.94065645841247e-324
83.6734693877551,0.1,2,8.63903838549121e-09,1,4.94065645841247e-324
87.5510204081633,0.1,2,7.71799128236764e-09,1,4.94065645841247e-324
91.4285714285714,0.1,2,6.71083698373119e-09,1,4.94065645841247e-324
95.3061224489796,0.1,2,4.3931889567654e-08,1,4.94065645841247e-324
99.1836734693878,0.1,2,4.22032755507472e-08,1,4.94065645841247e-324
103.061224489796,0.1,2,4.05524674434201e-08,1,4.94065645841247e-324
106.938775510204,0.1,2,2.76835758094121e-08,1,4.94065645841247e-324
110.816326530612,0.1,2,2.72939261455796e-08,1,4.94065645841247e-324
114.69387755102,0.1,2,2.69241019649636e-08,1,4.94065645841247e-324
118.571428571429,0.1,2,2.65646780843236e-08,1,4.94065645841247e-324
122.448979591837,0.1,2,2.62376602600165e-08,1,4.94065645841247e-324
126.326530612245,0.1,2,2.59375868104454e-08,1,4.94065645841247e-324
130.204081632653,0.1,2,2.56441253884449e-08,1,4.94065645841247e-324
134.081632653061,0.1,2,4.79270276774306e-08,1,4.94065645841247e-324
137.959183673469,0.1,2,4.76217257017962e-08,1,4.94065645841247e-324
141.836734693878,0.1,2,5.33094174421859e-08,1,4.94065645841247e-324
145.714285714286,0.1,2,5.18097958709575e-08,1,4.94065645841247e-324
149.591836734694,0.1,2,5.03949696787773e-08,1,4.94065645841247e-324
153.469387755102,0.1,2,4.90182067759392e-08,1,4.94065645841247e-324
157.34693877551,0.1,2,7.32257414727148e-08,1,4.94065645841247e-324
161.224489795918,0.1,2,7.0233694461595e-08,1,4.94065645841247e-324
165.102040816327,0.1,2,5.72206186302277e-08,1,4.94065645841247e-324
168.979591836735,0.1,2,5.39912748503109e-08,1,4.94065645841247e-324
172.857142857143,0.1,2,5.2835044505032e-08,1,4.94065645841247e-324
176.734693877551,0.1,2,1.70758034657077e-08,1,4.94065645841247e-324
180.612244897959,0.1,2,3.48046664289997e-08,1,4.94065645841247e-324
184.489795918367,0.1,2,1.56788645671453e-08,1,4.94065645841247e-324
188.367346938776,0.1,2,1.11333856621431e-08,1,4.94065645841247e-324
192.244897959184,0.1,2,2.13841152643242e-08,1,4.94065645841247e-324
196.122448979592,0.1,2,2.05914161825359e-08,1,4.94065645841247e-324
200,0.1,2,1.96616399167215e-08,1,4.94065645841247e-324
10,0.123076923076923,2,1.85551133081507e-08,1,4.94065645841247e-324
13.8775510204082,0.123076923076923,2,1.80037364036093e-08,1,4.94065645841247e-324
17.7551020408163,0.123076923076923,2,1.77040342601433e-08,1,4.94065645841247e-324
21.6326530612245,0.123076923076923,2,3.96058686839587e-08,1,4.94065645841247e-324
25.5102040816327,0.123076923076923,2,3.9123625163776e-08,1,4.94065645841247e-324
29.3877551020408,0.123076923076923,2,3.85587544957681e-08,1,4.94065645841247e-324
33.265306122449,0.123076923076923,2,3.79208110835963e-08,1,4.94065645841247e-324
37.1428571428571,0.123076923076923,2,4.13034714593436e-08,1,4.94065645841247e-324
41.0204081632653,0.123076923076923,2,4.03733523609992e-08,1,4.94065645841247e-324
44.8979591836735,0.123076923076923,2,3.95299179835876e-08,1,4.94065645841247e-324
48.7755102040816,0.123076923076923,2,3.87367401546874e-08,1,4.94065645841247e-324
52.6530612244898,0.123076923076923,2,3.79646578529692e-08,1,4.94065645841247e-324
56.530612244898,0.123076923076923,2,3.64373611196819e-08,1,4.94065645841247e-324
60.4081632653061,0.123076923076923,2,3.58084097843446e-08,1,4.94065645841247e-324
64.2857142857143,0.123076923076923,2,3.52166643264878e-08,1,4.94065645841247e-324
68.1632653061224,0.123076923076923,2,7.19477385197105e-08,1,4.94065645841247e-324
72.0408163265306,0.123076923076923,2,7.03994794044979e-08,1,4.94065645841247e-324
75.9183673469388,0.123076923076923,2,1.1630360952621e-07,1,4.94065645841247e-324
79.7959183673469,0.123076923076923,2,7.00266684700132e-08,1,4.94065645841247e-324
83.6734693877551,0.123076923076923,2,6.70215089890093e-08,1,4.94065645841247e-324
87.5510204081633,0.123076923076923,2,4.39054454823085e-08,1,4.94065645841247e-324
91.4285714285714,0.123076923076923,2,2.50180468214032e-08,1,4.94065645841247e-324
95.3061224489796,0.123076923076923,2,5.68828851889227e-08,1,4.94065645841247e-324
99.1836734693878,0.123076923076923,2,3.05988494158081e-08,1,4.94065645841247e-324
103.061224489796,0.123076923076923,2,3.0244502094762e-08,1,4.94065645841247e-324
106.938775510204,0.123076923076923,2,2.98712933517895e-08,1,4.94065645841247e-324
110.816326530612,0.123076923076923,2,2.94947668150247e-08,1,4.94065645841247e-324
114.69387755102,0.123076923076923,2,2.91035474023342e-08,1,4.94065645841247e-324
118.571428571429,0.123076923076923,2,2.86822136320828e-08,1,4.94065645841247e-324
122.448979591837,0.123076923076923,2,2.8248126338127e-08,1,4.94065645841247e-324
126.326530612245,0.123076923076923,2,2.99359692093164e-08,1,4.94065645841247e-324
130.204081632653,0.123076923076923,2,2.90562857376878e-08,1,4.94065645841247e-324
134.081632653061,0.123076923076923,2,2.81548937489469e-08,1,4.94065645841247e-324
137.959183673469,0.123076923076923,2,2.7195400872837e-08,1,4.94065645841247e-324
141.836734693878,0.123076923076923,2,2.65744768537254e-08,1,4.94065645841247e-324
145.714285714286,0.123076923076923,2,2.5465616692431e-08,1,4.94065645841247e-324
149.591836734694,0.123076923076923,2,2.41929351082796e-08,1,4.94065645841247e-324
153.469387755102,0.123076923076923,2,5.30534169217984e-08,1,4.94065645841247e-324
157.34693877551,0.123076923076923,2,2.36921193638859e-08,1,4.94065645841247e-324
161.224489795918,0.123076923076923,2,2.1014468529475e-08,1,4.94065645841247e-324
165.102040816327,0.123076923076923,2,2.1738874102022e-08,1,4.94065645841247e-324
168.979591836735,0.123076923076923,2,2.18246074266715e-08,1,4.94065645841247e-324
172.857142857143,0.123076923076923,2,2.14802033397859e-08,1,4.94065645841247e-324
176.734693877551,0.123076923076923,2,2.08151568094919e-08,1,4.94065645841247e-324
180.612244897959,0.123076923076923,2,1.99338825235533e-08,1,4.94065645841247e-324
184.489795918367,0.123076923076923,2,1.88028852287421e-08,1,4.94065645841247e-324
188.367346938776,0.123076923076923,2,1.74631348671003e-08,1,4.94065645841247e-324
192.244897959184,0.123076923076923,2,7.02848244876395e-09,1,4.94065645841247e-324
196.122448979592,0.123076923076923,2,5.39430116243513e-09,1,4.94065645841247e-324
200,0.123076923076923,2,4.89203261691101e-08,1,4.94065645841247e-324
10,0.146153846153846,2,2.94566272186838e-08,1,4.94065645841247e-324
13.8775510204082,0.146153846153846,2,1.96533666090393e-08,1,4.94065645841247e-324
17.7551020408163,0.146153846153846,2,5.63641694839279e-08,1,4.94065645841247e-324
21.6326530612245,0.146153846153846,2,5.55161582659611e-08,1,4.94065645841247e-324
25.5102040816327,0.146153846153846,2,5.45310746582962e-08,1,4.94065645841247e-324
29.3877551020408,0.146153846153846,2,5.35292404447251e-08,1,4.94065645841247e-324
33.265306122449,0.146153846153846,2,5.25648566701952e-08,1,4.94065645841247e-324
37.1428571428571,0.146153846153846,2,5.15733785443771e-08,1,4.94065645841247e-324
41.0204081632653,0.146153846153846,2,5.05871200166563e-08,1,4.94065645841247e-324
44.8979591836735,0.146153846153846,2,4.9618164688327e-08,1,4.94065645841247e-324
48.7755102040816,0.146153846153846,2,3.21919895837857e-08,1,4.94065645841247e-324
52.6530612244898,0.146153846153846,2,5.3468818798885e-08,1,4.94065645841247e-324
56.530612244898,0.146153846153846,2,5.17419379120103e-08,1,4.94065645841247e-324
60.4081632653061,0.146153846153846,2,4.9809625990289e-08,1,4.94065645841247e-324
64.2857142857143,0.146153846153846,2,4.77753775832502e-08,1,4.94065645841247e-324
68.1632653061224,0.146153846153846,2,2.8376387036194e-08,1,4.94065645841247e-324
72.0408163265306,0.146153846153846,2,1.87465961741839e-08,1,4.94065645841247e-324
75.9183673469388,0.146153846153846,2,2.14558487521826e-08,1,4.94065645841247e-324
79.7959183673469,0.146153846153846,2,2.25205311318274e-08,1,4.94065645841247e-324
83.6734693877551,0.146153846153846,2,2.25123146242981e-08,1,4.94065645841247e-324
87.5510204081633,0.146153846153846,2,4.43759977669193e-193,0.999958012694281,9.88131291682493e-324
91.4285714285714,0.146153846153846,2,3.97123420438724e-193,0.99996203893737,9.88131291682493e-324
95.3061224489796,0.146153846153846,2,6.30224570280389e-193,0.999953764371331,9.88131291682493e-324
99.1836734693878,0.146153846153846,2,5.0045913283863e-193,0.999954890690067,9.88131291682493e-324
103.061224489796,0.146153846153846,2,4.99214883968606e-193,0.999955538006995,9.88131291682493e-324
106.938775510204,0.146153846153846,2,4.9340534227482e-193,0.999956344955393,9.88131291682493e-324
110.816326530612,0.146153846153846,2,3.53726740874867e-193,0.999958944730978,9.88131291682493e-324
114.69387755102,0.146153846153846,2,1.05597464177697e-212,0.999941959179323,4.94065645841247e-324
118.571428571429,0.146153846153846,2,1.33040257557178e-193,0.999983767219802,9.88131291682493e-324
122.448979591837,0.146153846153846,2,2.16091893726929e-193,0.999976936443779,9.88131291682493e-324
126.326530612245,0.146153846153846,2,2.34247846551211e-193,0.999975427457169,9.88131291682493e-324
130.204081632653,0.146153846153846,2,2.52253763192959e-193,0.999974524615249,9.88131291682493e-324
134.081632653061,0.146153846153846,2,2.54149347618655e-193,0.999974393624072,9.88131291682493e-324
137.959183673469,0.146153846153846,2,3.81590618827461e-193,0.99997167069193,9.88131291682493e-324
141.836734693878,0.146153846153846,2,3.94357200631086e-193,0.999971671850259,9.88131291682493e-324
145.714285714286,0.146153846153846,2,4.04608842844714e-193,0.999971803442867,9.88131291682493e-324
149.591836734694,0.146153846153846,2,4.12612157086508e-193,0.999972037318764,9.88131291682493e-324
153.469387755102,0.146153846153846,2,4.14249430663994e-193,0.999972415927163,9.88131291682493e-324
157.34693877551,0.146153846153846,2,3.85657321236107e-193,0.999948683664761,9.88131291682493e-324
161.224489795918,0.146153846153846,2,1.13655151164948e-212,0.999966641482693,4.94065645841247e-324
165.102040816327,0.146153846153846,2,7.72473095594793e-193,0.999957671042141,9.88131291682493e-324
168.979591836735,0.146153846153846,2,5.78136247309352e-193,0.999959481856143,9.88131291682493e-324
172.857142857143,0.146153846153846,2,5.77184175391509e-193,0.999959928596775,9.88131291682493e-324
176.734693877551,0.146153846153846,2,5.7446635767293e-193,0.999960397124833,9.88131291682493e-324
180.612244897959,0.146153846153846,2,5.58628566323832e-193,0.999961084253587,9.88131291682493e-324
184.489795918367,0.146153846153846,2,3.06107263672409e-193,0.999960759496118,9.88131291682493e-324
188.367346938776,0.146153846153846,2,3.37546033928459e-193,0.999960747870747,9.88131291682493e-324
192.244897959184,0.146153846153846,2,3.89527456558203e-193,0.999951706594733,9.88131291682493e-324
196.122448979592,0.146153846153846,2,2.80488086967575e-193,0.999984149318152,9.88131291682493e-324
200,0.146153846153846,2,4.57377623108918e-193,0.999960372466191,9.88131291682493e-324
10,0.169230769230769,2,7.53421730346661e-193,0.999950140911104,9.88131291682493e-324
13.8775510204082,0.169230769230769,2,1.66795413763812e-192,0.999955027048396,9.88131291682493e-324
17.7551020408163,0.169230769230769,2,1.64847909301324e-192,0.999956779662655,9.88131291682493e-324
21.6326530612245,0.169230769230769,2,1.62691084024038e-192,0.999958520943299,9.88131291682493e-324
25.5102040816327,0.169230769230769,2,1.60327767908397e-192,0.999960255517913,9.88131291682493e-324
29.3877551020408,0.169230769230769,2,1.57756352018533e-192,0.999961989797109,9.88131291682493e-324
33.265306122449,0.169230769230769,2,1.54970248880322e-192,0.999963732052528,9.88131291682493e-324
37.1428571428571,0.169230769230769,2,1.51003033989477e-192,0.999965581715284,9.88131291682493e-324
41.0204081632653,0.169230769230769,2,1.45650227608957e-192,0.999967579170701,9.88131291682493e-324
44.8979591836735,0.169230769230769,2,1.40061317761977e-192,0.999969638421014,9.88131291682493e-324
48.7755102040816,0.169230769230769,2,0,0.999969398400942,9.88131291682493e-324
52.6530612244898,0.169230769230769,2,0,0.999977214705071,9.88131291682493e-324
56.530612244898,0.169230769230769,2,0,0.999950868421457,9.88131291682493e-324
60.4081632653061,0.169230769230769,2,0,0.999989255802638,4.94065645841247e-324
64.2857142857143,0.169230769230769,2,0,0.999969129585781,9.88131291682493e-324
68.1632653061224,0.169230769230769,2,-0,0.999972289384547,9.88131291682493e-324
72.0408163265306,0.169230769230769,2,0,0.999947137837528,4.94065645841247e-324
75.9183673469388,0.169230769230769,2,0,0.999968959337561,9.88131291682493e-324
79.7959183673469,0.169230769230769,2,-0,0.999947713217732,9.88131291682493e-324
83.6734693877551,0.169230769230769,2,-0,0.999957505648559,9.88131291682493e-324
87.5510204081633,0.169230769230769,2,-0,0.999955847399105,9.88131291682493e-324
91.4285714285714,0.169230769230769,2,0,0.999970599956946,9.88131291682493e-324
95.3061224489796,0.169230769230769,2,0,0.999963875979123,9.88131291682493e-324
99.1836734693878,0.169230769230769,2,0,0.999943272445439,9.88131291682493e-324
103.061224489796,0.169230769230769,2,0,0.999939516516737,9.88131291682493e-324
106.938775510204,0.169230769230769,2,0,0.999966454177772,9.88131291682493e-324
110.816326530612,0.169230769230769,2,0,0.999950587683465,9.88131291682493e-324
114.69387755102,0.169230769230769,2,0,0.999950634364987,9.88131291682493e-324
118.571428571429,0.169230769230769,2,0,0.999950726778805,9.88131291682493e-324
122.448979591837,0.169230769230769,2,0,0.999950854292304,9.88131291682493e-324
126.326530612245,0.169230769230769,2,0,0.999951008636115,9.88131291682493e-324
130.204081632653,0.169230769230769,2,0,0.999951183292089,9.88131291682493e-324
134.081632653061,0.169230769230769,2,0,0.999951373099023,9.88131291682493e-324
137.959183673469,0.169230769230769,2,0,0.999951573960882,9.88131291682493e-324
141.836734693878,0.169230769230769,2,0,0.999951782645107,9.88131291682493e-324
145.714285714286,0.169230769230769,2,0,0.999951996629507,9.88131291682493e-324
149.591836734694,0.169230769230769,2,0,0.999952213996663,9.88131291682493e-324
153.469387755102,0.169230769230769,2,0,0.999952433348646,9.88131291682493e-324
157.34693877551,0.169230769230769,2,0,0.999952653753459,9.88131291682493e-324
161.224489795918,0.169230769230769,2,0,0.999952874706161,9.88131291682493e-324
165.102040816327,0.169230769230769,2,0,0.999953096103637,9.88131291682493e-324
168.979591836735,0.169230769230769,2,-0,0.999953294948583,9.88131291682493e-324
172.857142857143,0.169230769230769,2,-0,0.999953490497809,9.88131291682493e-324
176.734693877551,0.169230769230769,2,-0,0.999953688446805,9.88131291682493e-324
180.612244897959,0.169230769230769,2,-0,0.999953889719871,9.88131291682493e-324
184.489795918367,0.169230769230769,2,-0,0.999966234742647,9.88131291682493e-324
188.367346938776,0.169230769230769,2,-0,0.999966888675601,9.88131291682493e-324
192.244897959184,0.169230769230769,2,-0,0.999956360118808,9.88131291682493e-324
196.122448979592,0.169230769230769,2,0,0.999905443918171,4.94065645841247e-324
200,0.169230769230769,2,0,0.999907105838115,4.94065645841247e-324
10,0.192307692307692,2,0,0.999969359500665,9.88131291682493e-324
13.8775510204082,0.192307692307692,2,0,0.999955432959688,9.88131291682493e-324
17.7551020408163,0.192307692307692,2,0,0.999969946028608,9.88131291682493e-324
21.6326530612245,0.192307692307692,2,0,0.999968618525605,9.88131291682493e-324
25.5102040816327,0.192307692307692,2,0,0.99996977572905,9.88131291682493e-324
29.3877551020408,0.192307692307692,2,0,0.999971412455589,9.88131291682493e-324
33.265306122449,0.192307692307692,2,0,0.999958711782262,9.88131291682493e-324
37.1428571428571,0.192307692307692,2,0,0.999960839877653,9.88131291682493e-324
41.0204081632653,0.192307692307692,2,0,0.999964610067029,9.88131291682493e-324
44.8979591836735,0.192307692307692,2,0,0.999954942613546,9.88131291682493e-324
48.7755102040816,0.192307692307692,2,0,0.999961017508541,9.88131291682493e-324
52.6530612244898,0.192307692307692,2,0,0.99994363808813,9.88131291682493e-324
56.530612244898,0.192307692307692,2,0,0.999947987393706,9.88131291682493e-324
60.4081632653061,0.192307692307692,2,0,0.999949879268072,9.88131291682493e-324
64.2857142857143,0.192307692307692,2,0,0.999968753163134,9.88131291682493e-324
68.1632653061224,0.192307692307692,2,0,0.99995570534731,9.88131291682493e-324
72.0408163265306,0.192307692307692,2,0,0.999970399393732,9.88131291682493e-324
75.9183673469388,0.192307692307692,2,0,0.999954980571275,9.88131291682493e-324
79.7959183673469,0.192307692307692,2,0,0.999967996281545,9.88131291682493e-324
83.6734693877551,0.192307692307692,2,0,0.999967845549143,9.88131291682493e-324
87.5510204081633,0.192307692307692,2,0,0.999936996122706,9.88131291682493e-324
91.4285714285714,0.192307692307692,2,0,0.999968652147998,9.88131291682493e-324
95.3061224489796,0.192307692307692,2,0,0.999965255505475,9.88131291682493e-324
99.1836734693878,0.192307692307692,2,0,0.999993504373883,4.94065645841247e-324
103.061224489796,0.192307692307692,2,0,0.999952779213185,9.88131291682493e-324
106.938775510204,0.192307692307692,2,0,0.999994789085309,4.94065645841247e-324
110.816326530612,0.192307692307692,2,0,0.999958258614389,9.88131291682493e-324
114.69387755102,0.192307692307692,2,0,0.999964255881662,4.94065645841247e-324
118.571428571429,0.192307692307692,2,0,0.999964019571621,4.94065645841247e-324
122.448979591837,0.192307692307692,2,0,0.99998582382067,9.88131291682493e-324
126.326530612245,0.192307692307692,2,0,0.999985742632517,9.88131291682493e-324
130.204081632653,0.192307692307692,2,0,0.9999660891098,9.88131291682493e-324
134.081632653061,0.192307692307692,2,0,0.999962599777283,9.88131291682493e-324
137.959183673469,0.192307692307692,2,0,0.999962601987629,9.88131291682493e-324
141.836734693878,0.192307692307692,2,0,0.999962664913124,9.88131291682493e-324
145.714285714286,0.192307692307692,2,0,0.999951959091642,9.88131291682493e-324
149.591836734694,0.192307692307692,2,0,0.999952081559632,9.88131291682493e-324
153.469387755102,0.192307692307692,2,0,0.999952209103382,9.88131291682493e-324
157.34693877551,0.192307692307692,2,0,0.999952332059469,9.88131291682493e-324
161.224489795918,0.192307692307692,2,0,0.999952465721545,9.88131291682493e-324
165.102040816327,0.192307692307692,2,0,0.999951310673393,9.88131291682493e-324
168.979591836735,0.192307692307692,2,0,0.99995178819784,9.88131291682493e-324
172.857142857143,0.192307692307692,2,0,0.999974607295456,9.88131291682493e-324
176.734693877551,0.192307692307692,2,0,0.999978892286968,9.88131291682493e-324
180.612244897959,0.192307692307692,2,0,0.999984179706843,9.88131291682493e-324
184.489795918367,0.192307692307692,2,0,0.999920320400493,9.88131291682493e-324
188.367346938776,0.192307692307692,2,0,0.999932299138703,9.88131291682493e-324
192.244897959184,0.192307692307692,2,0,0.999959372062128,9.88131291682493e-324
196.122448979592,0.192307692307692,2,0,0.99996464967678,9.88131291682493e-324
200,0.192307692307692,2,0,0.999971458272582,4.94065645841247e-324
10,0.215384615384615,2,0,0.999949620506207,4.94065645841247e-324
13.8775510204082,0.215384615384615,2,0,0.999964626797648,9.88131291682493e-324
17.7551020408163,0.215384615384615,2,0,0.999966807275757,9.88131291682493e-324
21.6326530612245,0.215384615384615,2,0,0.999969417974143,9.88131291682493e-324
25.5102040816327,0.215384615384615,2,0,0.999972622201359,9.88131291682493e-324
29.3877551020408,0.215384615384615,2,0,0.999970524694145,9.88131291682493e-324
33.265306122449,0.215384615384615,2,0,0.999972320268229,9.88131291682493e-324
37.1428571428571,0.215384615384615,2,0,0.999971991058948,9.88131291682493e-324
41.0204081632653,0.215384615384615,2,0,0.999969493519833,9.88131291682493e-324
44.8979591836735,0.215384615384615,2,0,0.999977027789505,9.88131291682493e-324
48.7755102040816,0.215384615384615,2,0,0.999976328794188,9.88131291682493e-324
52.6530612244898,0.215384615384615,2,0,0.999976036251121,9.88131291682493e-324
56.530612244898,0.215384615384615,2,0,0.999976020685986,9.88131291682493e-324
60.4081632653061,0.215384615384615,2,0,0.999975959470944,9.88131291682493e-324
64.2857142857143,0.215384615384615,2,0,0.999948932793044,9.88131291682493e-324
68.1632653061224,0.215384615384615,2,0,0.99994901405031,9.88131291682493e-324
72.0408163265306,0.215384615384615,2,0,0.999949181604537,9.88131291682493e-324
75.9183673469388,0.215384615384615,2,0,0.999976250703058,9.88131291682493e-324
79.7959183673469,0.215384615384615,2,0,0.999977034257468,9.88131291682493e-324
83.6734693877551,0.215384615384615,2,0,0.999948144841325,9.88131291682493e-324
87.5510204081633,0.215384615384615,2,0,0.999950450105341,9.88131291682493e-324
91.4285714285714,0.215384615384615,2,0,0.999952140664319,9.88131291682493e-324
95.3061224489796,0.215384615384615,2,0,0.999953978687684,9.88131291682493e-324
99.1836734693878,0.215384615384615,2,0,0.999955954561571,9.88131291682493e-324
103.061224489796,0.215384615384615,2,0,0.999958066504961,9.88131291682493e-324
106.938775510204,0.215384615384615,2,0,0.999960322720473,9.88131291682493e-324
110.816326530612,0.215384615384615,2,0,0.999968587214793,9.88131291682493e-324
114.69387755102,0.215384615384615,2,0,0.999970495732477,9.88131291682493e-324
118.571428571429,0.215384615384615,2,0,0.999972644135796,9.88131291682493e-324
122.448979591837,0.215384615384615,2,0,0.999974590673575,9.88131291682493e-324
126.326530612245,0.215384615384615,2,0,0.999964620459515,9.88131291682493e-324
130.204081632653,0.215384615384615,2,0,0.999965833545334,9.88131291682493e-324
134.081632653061,0.215384615384615,2,0,0.999966981876612,9.88131291682493e-324
137.959183673469,0.215384615384615,2,0,0.999968085240241,9.88131291682493e-324
141.836734693878,0.215384615384615,2,0,0.999969519934684,9.88131291682493e-324
145.714285714286,0.215384615384615,2,0,0.999971041208263,9.88131291682493e-324
149.591836734694,0.215384615384615,2,0,0.999972681228944,9.88131291682493e-324
153.469387755102,0.215384615384615,2,0,0.999974710283747,9.88131291682493e-324
157.34693877551,0.215384615384615,2,0,0.999949371548163,9.88131291682493e-324
161.224489795918,0.215384615384615,2,0,0.999950713348485,9.88131291682493e-324
165.102040816327,0.215384615384615,2,0,0.999962858804886,9.88131291682493e-324
168.979591836735,0.215384615384615,2,0,0.999980526743552,9.88131291682493e-324
172.857142857143,0.215384615384615,2,0,0.999988318729916,9.88131291682493e-324
176.734693877551,0.215384615384615,2,0,0.999998693214848,9.88131291682493e-324
180.612244897959,0.215384615384615,2,0,0.999922900462037,9.88131291682493e-324
184.489795918367,0.215384615384615,2,0,0.999934076903767,9.88131291682493e-324
188.367346938776,0.215384615384615,2,0,0.99993927970481,9.88131291682493e-324
192.244897959184,0.215384615384615,2,0,0.999941589827051,9.88131291682493e-324
196.122448979592,0.215384615384615,2,0,0.999943825347422,9.88131291682493e-324
200,0.215384615384615,2,0,0.999946671072315,9.88131291682493e-324
10,0.238461538461538,2,0,0.999969004519287,9.88131291682493e-324
13.8775510204082,0.238461538461538,2,0,0.999969755332669,9.88131291682493e-324
17.7551020408163,0.238461538461538,2,0,0.999972453116625,9.88131291682493e-324
21.6326530612245,0.238461538461538,2,0,0.999962158141841,9.88131291682493e-324
25.5102040816327,0.238461538461538,2,0,0.999973334744441,9.88131291682493e-324
29.3877551020408,0.238461538461538,2,0,0.999973184121851,9.88131291682493e-324
33.265306122449,0.238461538461538,2,0,0.999973060513779,9.88131291682493e-324
37.1428571428571,0.238461538461538,2,0,0.999965624333903,9.88131291682493e-324
41.0204081632653,0.238461538461538,2,0,0.999964316911915,9.88131291682493e-324
44.8979591836735,0.238461538461538,2,0,0.999965632175819,4.94065645841247e-324
48.7755102040816,0.238461538461538,2,0,0.999972347397354,9.88131291682493e-324
52.6530612244898,0.238461538461538,2,0,0.999957401330538,9.88131291682493e-324
56.530612244898,0.238461538461538,2,0,0.999957032271484,9.88131291682493e-324
60.4081632653061,0.238461538461538,2,0,0.999956816861428,9.88131291682493e-324
64.2857142857143,0.238461538461538,2,0,0.999971725882064,4.94065645841247e-324
68.1632653061224,0.238461538461538,2,0,0.999974147315395,9.88131291682493e-324
72.0408163265306,0.238461538461538,2,0,0.999964161042937,9.88131291682493e-324
75.9183673469388,0.238461538461538,2,0,0.999962790737883,9.88131291682493e-324
79.7959183673469,0.238461538461538,2,0,0.999961938735396,9.88131291682493e-324
83.6734693877551,0.238461538461538,2,0,0.999970591219821,9.88131291682493e-324
87.5510204081633,0.238461538461538,2,0,0.999985649943673,9.88131291682493e-324
91.4285714285714,0.238461538461538,2,0,0.999950989752116,9.88131291682493e-324
95.3061224489796,0.238461538461538,2,0,0.999952623986628,9.88131291682493e-324
99.1836734693878,0.238461538461538,2,0,0.999952943043402,9.88131291682493e-324
103.061224489796,0.238461538461538,2,0,0.999953254218337,9.88131291682493e-324
106.938775510204,0.238461538461538,2,0,0.999953643956598,9.88131291682493e-324
110.816326530612,0.238461538461538,2,0,0.999966398991289,9.88131291682493e-324
114.69387755102,0.238461538461538,2,0,0.99993849686483,4.94065645841247e-324
118.571428571429,0.238461538461538,2,0,0.999954905439741,9.88131291682493e-324
122.448979591837,0.238461538461538,2,0,0.999955268336418,9.88131291682493e-324
126.326530612245,0.238461538461538,2,0,0.999971750463551,9.88131291682493e-324
130.204081632653,0.238461538461538,2,0,0.999960158498188,9.88131291682493e-324
134.081632653061,0.238461538461538,2,0,0.999961739019235,9.88131291682493e-324
137.959183673469,0.238461538461538,2,0,0.999963800909336,9.88131291682493e-324
141.836734693878,0.238461538461538,2,0,0.999966141456865,9.88131291682493e-324
145.714285714286,0.238461538461538,2,0,0.99997804613745,9.88131291682493e-324
149.591836734694,0.238461538461538,2,0,0.99997516423572,9.88131291682493e-324
153.469387755102,0.238461538461538,2,0,0.999959897387828,9.88131291682493e-324
157.34693877551,0.238461538461538,2,0,0.999960149253175,9.88131291682493e-324
161.224489795918,0.238461538461538,2,0,0.999960433479123,9.88131291682493e-324
165.102040816327,0.238461538461538,2,0,0.999949276296371,9.88131291682493e-324
168.979591836735,0.238461538461538,2,0,0.999949686420867,9.88131291682493e-324
172.857142857143,0.238461538461538,2,0,0.999990562554211,9.88131291682493e-324
176.734693877551,0.238461538461538,2,0,0.999981554747747,9.88131291682493e-324
180.612244897959,0.238461538461538,2,0,0.999982201570137,9.88131291682493e-324
184.489795918367,0.238461538461538,2,0,0.999977502643219,9.88131291682493e-324
188.367346938776,0.238461538461538,2,0,0.99996080273643,9.88131291682493e-324
192.244897959184,0.238461538461538,2,0,0.999955937605265,9.88131291682493e-324
196.122448979592,0.238461538461538,2,0,0.999969500769693,9.88131291682493e-324
200,0.238461538461538,2,0,0.999969561348628,9.88131291682493e-324
10,0.261538461538462,2,0,0.999956507953681,9.88131291682493e-324
13.8775510204082,0.261538461538462,2,0,0.999970201425327,9.88131291682493e-324
17.7551020408163,0.261538461538462,2,0,0.999971031709639,9.88131291682493e-324
21.6326530612245,0.261538461538462,2,0,0.999953608079395,9.88131291682493e-324
25.5102040816327,0.261538461538462,2,0,0.999952112013803,9.88131291682493e-324
29.3877551020408,0.261538461538462,2,0,0.99996211849369,9.88131291682493e-324
33.265306122449,0.261538461538462,2,0,0.999968838843098,9.88131291682493e-324
37.1428571428571,0.261538461538462,2,0,0.999960081244162,9.88131291682493e-324
41.0204081632653,0.261538461538462,2,0,0.999961048984961,9.88131291682493e-324
44.8979591836735,0.261538461538462,2,0,0.999961668424543,9.88131291682493e-324
48.7755102040816,0.261538461538462,2,0,0.999965024116403,9.88131291682493e-324
52.6530612244898,0.261538461538462,2,0,0.999940296690088,9.88131291682493e-324
56.530612244898,0.261538461538462,2,0,0.999954535076843,9.88131291682493e-324
60.4081632653061,0.261538461538462,2,0,0.99996597324691,9.88131291682493e-324
64.2857142857143,0.261538461538462,2,0,0.99993489249012,9.88131291682493e-324
68.1632653061224,0.261538461538462,2,0,0.999976765160196,9.88131291682493e-324
72.0408163265306,0.261538461538462,2,0,0.999957815271927,9.88131291682493e-324
75.9183673469388,0.261538461538462,2,0,0.999948099517885,9.88131291682493e-324
79.7959183673469,0.261538461538462,2,0,0.99997217928623,9.88131291682493e-324
83.6734693877551,0.261538461538462,2,0,0.999951190569057,4.94065645841247e-324
87.5510204081633,0.261538461538462,2,0,0.999947753355565,9.88131291682493e-324
91.4285714285714,0.261538461538462,2,0,0.999979500005701,9.88131291682493e-324
95.3061224489796,0.261538461538462,2,0,0.999978440305217,9.88131291682493e-324
99.1836734693878,0.261538461538462,2,0,0.999961199256996,9.88131291682493e-324
103.061224489796,0.261538461538462,2,0,0.999950398614637,9.88131291682493e-324
106.938775510204,0.261538461538462,2,0,0.999983861861071,9.88131291682493e-324
110.816326530612,0.261538461538462,2,0,0.999977661332093,9.88131291682493e-324
114.69387755102,0.261538461538462,2,0,0.999975258195544,9.88131291682493e-324
118.571428571429,0.261538461538462,2,0,0.999953192705543,9.88131291682493e-324
122.448979591837,0.261538461538462,2,0,0.999952455354278,9.88131291682493e-324
126.326530612245,0.261538461538462,2,0,0.999958543163005,9.88131291682493e-324
130.204081632653,0.261538461538462,2,0,0.999979272153519,9.88131291682493e-324
134.081632653061,0.261538461538462,2,0,0.999985996385555,9.88131291682493e-324
137.959183673469,0.261538461538462,2,0,0.999989682944537,9.88131291682493e-324
141.836734693878,0.261538461538462,2,0,0.99997929234278,9.88131291682493e-324
145.714285714286,0.261538461538462,2,0,0.999954800132506,9.88131291682493e-324
149.591836734694,0.261538461538462,2,0,0.999954139740127,9.88131291682493e-324
153.469387755102,0.261538461538462,2,0,0.999954315985171,9.88131291682493e-324
157.34693877551,0.261538461538462,2,0,0.999969206958659,9.88131291682493e-324
161.224489795918,0.261538461538462,2,0,0.999968788911863,9.88131291682493e-324
165.102040816327,0.261538461538462,2,0,0.999969707341857,9.88131291682493e-324
168.979591836735,0.261538461538462,2,0,0.999947787277939,9.88131291682493e-324
172.857142857143,0.261538461538462,2,0,0.999967853825312,9.88131291682493e-324
176.734693877551,0.261538461538462,2,0,0.999967792510071,9.88131291682493e-324
180.612244897959,0.261538461538462,2,0,0.999954648710263,9.88131291682493e-324
184.489795918367,0.261538461538462,2,0,0.999930333950262,9.88131291682493e-324
188.367346938776,0.261538461538462,2,0,0.999933369348397,9.88131291682493e-324
192.244897959184,0.261538461538462,2,0,0.999936267786723,9.88131291682493e-324
196.122448979592,0.261538461538462,2,0,0.999939014320264,9.88131291682493e-324
200,0.261538461538462,2,0,0.999941603720866,9.88131291682493e-324
10,0.284615384615385,2,0,0.999948015047788,9.88131291682493e-324
13.8775510204082,0.284615384615385,2,0,0.999959249210523,9.88131291682493e-324
17.7551020408163,0.284615384615385,2,0,0.99997453742508,9.88131291682493e-324
21.6326530612245,0.284615384615385,2,0,0.999975921939123,9.88131291682493e-324
25.5102040816327,0.284615384615385,2,0,0.999978245978352,9.88131291682493e-324
29.3877551020408,0.284615384615385,2,0,0.999976742033766,9.88131291682493e-324
33.265306122449,0.284615384615385,2,0,0.999960158334309,9.88131291682493e-324
37.1428571428571,0.284615384615385,2,0,0.999963172310368,9.88131291682493e-324
41.0204081632653,0.284615384615385,2,0,0.999978844621203,9.88131291682493e-324
44.8979591836735,0.284615384615385,2,0,0.999954431807641,9.88131291682493e-324
48.7755102040816,0.284615384615385,2,0,0.999941571989694,9.88131291682493e-324
52.6530612244898,0.284615384615385,2,0,0.999965151549454,9.88131291682493e-324
56.530612244898,0.284615384615385,2,0,0.999919569758061,9.88131291682493e-324
60.4081632653061,0.284615384615385,2,0,0.999957209823278,9.88131291682493e-324
64.2857142857143,0.284615384615385,2,0,0.999955634878069,9.88131291682493e-324
68.1632653061224,0.284615384615385,2,0,0.999955164666019,9.88131291682493e-324
72.0408163265306,0.284615384615385,2,0,0.999967751133578,9.88131291682493e-324
75.9183673469388,0.284615384615385,2,0,0.999967052854098,9.88131291682493e-324
79.7959183673469,0.284615384615385,2,0,0.999953777397412,9.88131291682493e-324
83.6734693877551,0.284615384615385,2,0,0.999966208378861,9.88131291682493e-324
87.5510204081633,0.284615384615385,2,0,0.999966828785495,9.88131291682493e-324
91.4285714285714,0.284615384615385,2,0,0.999954961425936,9.88131291682493e-324
95.3061224489796,0.284615384615385,2,0,0.999968190054865,9.88131291682493e-324
99.1836734693878,0.284615384615385,2,0,0.999954797651818,9.88131291682493e-324
103.061224489796,0.284615384615385,2,0,0.999967807890358,9.88131291682493e-324
106.938775510204,0.284615384615385,2,0,0.999968393993,9.88131291682493e-324
110.816326530612,0.284615384615385,2,0,0.999969162911933,9.88131291682493e-324
114.69387755102,0.284615384615385,2,0,0.999968341789567,9.88131291682493e-324
118.571428571429,0.284615384615385,2,0,0.999968641662829,9.88131291682493e-324
122.448979591837,0.284615384615385,2,0,0.999956121694989,9.88131291682493e-324
126.326530612245,0.284615384615385,2,0,0.999976180723633,9.88131291682493e-324
130.204081632653,0.284615384615385,2,0,0.999960637436283,9.88131291682493e-324
134.081632653061,0.284615384615385,2,0,0.999969893304339,9.88131291682493e-324
137.959183673469,0.284615384615385,2,0,0.999969699427384,9.88131291682493e-324
141.836734693878,0.284615384615385,2,0,0.999950644235957,9.88131291682493e-324
145.714285714286,0.284615384615385,2,0,0.999961153614328,9.88131291682493e-324
149.591836734694,0.284615384615385,2,0,0.9999817923706,9.88131291682493e-324
153.469387755102,0.284615384615385,2,0,0.999985991943011,9.88131291682493e-324
157.34693877551,0.284615384615385,2,0,0.999987570489703,9.88131291682493e-324
161.224489795918,0.284615384615385,2,0,0.999979228785639,9.88131291682493e-324
165.102040816327,0.284615384615385,2,0,0.999956915778299,9.88131291682493e-324
168.979591836735,0.284615384615385,2,0,0.999969987053481,9.88131291682493e-324
172.857142857143,0.284615384615385,2,0,0.999955030918039,9.88131291682493e-324
176.734693877551,0.284615384615385,2,0,0.999971899157781,9.88131291682493e-324
180.612244897959,0.284615384615385,2,0,0.999970449666246,9.88131291682493e-324
184.489795918367,0.284615384615385,2,0,0.999955511808721,9.88131291682493e-324
188.367346938776,0.284615384615385,2,0,0.999956258425944,9.88131291682493e-324
192.244897959184,0.284615384615385,2,0,0.999957301340788,9.88131291682493e-324
196.122448979592,0.284615384615385,2,0,0.999956880678977,9.88131291682493e-324
200,0.284615384615385,2,0,0.999957566882259,9.88131291682493e-324
10,0.307692307692308,2,0,0.99995829682516,9.88131291682493e-324
13.8775510204082,0.307692307692308,2,0,0.999994401626609,9.88131291682493e-324
17.7551020408163,0.307692307692308,2,0,0.99998505453672,9.88131291682493e-324
21.6326530612245,0.307692307692308,2,0,0.99997508262869,9.88131291682493e-324
25.5102040816327,0.307692307692308,2,0,0.999975196236657,9.88131291682493e-324
29.3877551020408,0.307692307692308,2,0,0.999953442215816,9.88131291682493e-324
33.265306122449,0.307692307692308,2,0,0.999966259783898,9.88131291682493e-324
37.1428571428571,0.307692307692308,2,0,0.999964832730474,9.88131291682493e-324
41.0204081632653,0.307692307692308,2,0,0.999962984552387,9.88131291682493e-324
44.8979591836735,0.307692307692308,2,0,0.999958785147414,9.88131291682493e-324
48.7755102040816,0.307692307692308,2,0,0.999987109551072,9.88131291682493e-324
52.6530612244898,0.307692307692308,2,0,0.99999806597037,9.88131291682493e-324
56.530612244898,0.307692307692308,2,0,0.999970793061497,9.88131291682493e-324
60.4081632653061,0.307692307692308,2,0,0.999968828473545,9.88131291682493e-324
64.2857142857143,0.307692307692308,2,0,0.999955099677644,9.88131291682493e-324
68.1632653061224,0.307692307692308,2,0,0.99996833485757,9.88131291682493e-324
72.0408163265306,0.307692307692308,2,0,0.999967707684663,9.88131291682493e-324
75.9183673469388,0.307692307692308,2,0,0.999967276674155,9.88131291682493e-324
79.7959183673469,0.307692307692308,2,0,0.999941910721464,9.88131291682493e-324
83.6734693877551,0.307692307692308,2,0,0.999967552698058,9.88131291682493e-324
87.5510204081633,0.307692307692308,2,0,0.99995496583313,9.88131291682493e-324
91.4285714285714,0.307692307692308,2,0,0.999967213021081,9.88131291682493e-324
95.3061224489796,0.307692307692308,2,0,0.999945337722602,9.88131291682493e-324
99.1836734693878,0.307692307692308,2,0,0.999937852980186,9.88131291682493e-324
103.061224489796,0.307692307692308,2,0,0.999964965758501,9.88131291682493e-324
106.938775510204,0.307692307692308,2,0,0.999965104476204,9.88131291682493e-324
110.816326530612,0.307692307692308,2,0,0.999953650758749,9.88131291682493e-324
114.69387755102,0.307692307692308,2,0,0.999954056111064,9.88131291682493e-324
118.571428571429,0.307692307692308,2,0,0.999954620847785,9.88131291682493e-324
122.448979591837,0.307692307692308,2,0,0.99995437621982,9.88131291682493e-324
126.326530612245,0.307692307692308,2,0,0.999956136674736,9.88131291682493e-324
130.204081632653,0.307692307692308,2,0,0.999973027566003,9.88131291682493e-324
134.081632653061,0.307692307692308,2,0,0.999960017054086,9.88131291682493e-324
137.959183673469,0.307692307692308,2,0,0.999960003108963,9.88131291682493e-324
141.836734693878,0.307692307692308,2,0,0.999961429450713,9.88131291682493e-324
145.714285714286,0.307692307692308,2,0,1.00000212209304,9.88131291682493e-324
149.591836734694,0.307692307692308,2,0,0.999951984998251,9.88131291682493e-324
153.469387755102,0.307692307692308,2,0,0.999951276486843,9.88131291682493e-324
157.34693877551,0.307692307692308,2,0,0.999951568064854,9.88131291682493e-324
161.224489795918,0.307692307692308,2,0,0.99995040213931,9.88131291682493e-324
165.102040816327,0.307692307692308,2,0,0.999985636083462,9.88131291682493e-324
168.979591836735,0.307692307692308,2,0,0.999948880943652,9.88131291682493e-324
172.857142857143,0.307692307692308,2,0,0.999966892384388,9.88131291682493e-324
176.734693877551,0.307692307692308,2,0,0.999953684597029,9.88131291682493e-324
180.612244897959,0.307692307692308,2,0,0.999951676261411,9.88131291682493e-324
184.489795918367,0.307692307692308,2,0,0.999960914654768,9.88131291682493e-324
188.367346938776,0.307692307692308,2,0,0.999965506033439,9.88131291682493e-324
192.244897959184,0.307692307692308,2,0,0.999986960924043,9.88131291682493e-324
196.122448979592,0.307692307692308,2,0,0.999953407581002,9.88131291682493e-324
200,0.307692307692308,2,0,0.999953048040309,9.88131291682493e-324
10,0.330769230769231,2,0,0.999964326499712,9.88131291682493e-324
13.8775510204082,0.330769230769231,2,0,0.999993249057359,4.94065645841247e-324
17.7551020408163,0.330769230769231,2,0,0.999964623101383,9.88131291682493e-324
21.6326530612245,0.330769230769231,2,0,0.999965390681079,9.88131291682493e-324
25.5102040816327,0.330769230769231,2,0,0.999938482222709,4.94065645841247e-324
29.3877551020408,0.330769230769231,2,0,0.999965192297506,9.88131291682493e-324
33.265306122449,0.330769230769231,2,0,0.999965765322093,9.88131291682493e-324
37.1428571428571,0.330769230769231,2,0,0.999966256825542,9.88131291682493e-324
41.0204081632653,0.330769230769231,2,0,0.999954572346062,9.88131291682493e-324
44.8979591836735,0.330769230769231,2,0,0.999954462649853,9.88131291682493e-324
48.7755102040816,0.330769230769231,2,0,0.999968639238621,9.88131291682493e-324
52.6530612244898,0.330769230769231,2,0,0.999944647509287,9.88131291682493e-324
56.530612244898,0.330769230769231,2,0,0.99994339836954,9.88131291682493e-324
60.4081632653061,0.330769230769231,2,0,0.999975716385459,9.88131291682493e-324
64.2857142857143,0.330769230769231,2,0,0.999974227343755,9.88131291682493e-324
68.1632653061224,0.330769230769231,2,0,0.99998149709055,9.88131291682493e-324
72.0408163265306,0.330769230769231,2,0,0.999949257798546,9.88131291682493e-324
75.9183673469388,0.330769230769231,2,0,0.999947924180209,9.88131291682493e-324
79.7959183673469,0.330769230769231,2,0,0.9999482911526,9.88131291682493e-324
83.6734693877551,0.330769230769231,2,0,0.999975243023473,9.88131291682493e-324
87.5510204081633,0.330769230769231,2,0,0.99997284770812,9.88131291682493e-324
91.4285714285714,0.330769230769231,2,0,0.999960334737593,9.88131291682493e-324
95.3061224489796,0.330769230769231,2,0,0.999963006082493,9.88131291682493e-324
99.1836734693878,0.330769230769231,2,0,0.999979416566608,9.88131291682493e-324
103.061224489796,0.330769230769231,2,0,0.999962028195572,9.88131291682493e-324
106.938775510204,0.330769230769231,2,0,0.999964403683314,9.88131291682493e-324
110.816326530612,0.330769230769231,2,0,0.999952695414218,9.88131291682493e-324
114.69387755102,0.330769230769231,2,0,0.999952795150123,9.88131291682493e-324
118.571428571429,0.330769230769231,2,0,0.99992256103483,9.88131291682493e-324
122.448979591837,0.330769230769231,2,0,0.99992052371879,9.88131291682493e-324
126.326530612245,0.330769230769231,2,0,0.999957469086599,4.94065645841247e-324
130.204081632653,0.330769230769231,2,0,0.999964790456157,9.88131291682493e-324
134.081632653061,0.330769230769231,2,0,0.999953813935702,9.88131291682493e-324
137.959183673469,0.330769230769231,2,0,0.99995382946323,9.88131291682493e-324
141.836734693878,0.330769230769231,2,0,0.99995331711175,9.88131291682493e-324
145.714285714286,0.330769230769231,2,0,0.999953468889603,9.88131291682493e-324
149.591836734694,0.330769230769231,2,0,0.99997390134021,9.88131291682493e-324
153.469387755102,0.330769230769231,2,0,0.999965070370945,9.88131291682493e-324
157.34693877551,0.330769230769231,2,0,0.999966389835864,9.88131291682493e-324
161.224489795918,0.330769230769231,2,0,0.999980517515547,4.94065645841247e-324
165.102040816327,0.330769230769231,2,0,0.999976329320822,9.88131291682493e-324
168.979591836735,0.330769230769231,2,0,0.99996291534709,9.88131291682493e-324
172.857142857143,0.330769230769231,2,0,0.999966915579898,9.88131291682493e-324
176.734693877551,0.330769230769231,2,0,0.999967248663884,9.88131291682493e-324
180.612244897959,0.330769230769231,2,0,0.999967597805809,9.88131291682493e-324
184.489795918367,0.330769230769231,2,0,0.999967960719156,9.88131291682493e-324
188.367346938776,0.330769230769231,2,0,0.999968336888382,9.88131291682493e-324
192.244897959184,0.330769230769231,2,0,0.999968727209091,9.88131291682493e-324
196.122448979592,0.330769230769231,2,0,0.999969133679868,9.88131291682493e-324
200,0.330769230769231,2,0,0.999969559147632,9.88131291682493e-324
10,0.353846153846154,2,0,0.999970007101147,9.88131291682493e-324
13.8775510204082,0.353846153846154,2,0,0.999970481503687,9.88131291682493e-324
17.7551020408163,0.353846153846154,2,0,0.999970986655262,9.88131291682493e-324
21.6326530612245,0.353846153846154,2,0,0.999971527075882,9.88131291682493e-324
25.5102040816327,0.353846153846154,2,0,0.999972180917716,9.88131291682493e-324
29.3877551020408,0.353846153846154,2,0,0.999972941025118,9.88131291682493e-324
33.265306122449,0.353846153846154,2,0,0.999973822574027,9.88131291682493e-324
37.1428571428571,0.353846153846154,2,0,0.999974849543874,9.88131291682493e-324
41.0204081632653,0.353846153846154,2,0,0.99997605128062,9.88131291682493e-324
44.8979591836735,0.353846153846154,2,0,0.999977463158645,9.88131291682493e-324
48.7755102040816,0.353846153846154,2,0,0.999967493152247,9.88131291682493e-324
52.6530612244898,0.353846153846154,2,0,0.999982613258044,9.88131291682493e-324
56.530612244898,0.353846153846154,2,0,0.999986660661875,9.88131291682493e-324
60.4081632653061,0.353846153846154,2,0,0.999991179994265,9.88131291682493e-324
64.2857142857143,0.353846153846154,2,0,0.999996264583444,9.88131291682493e-324
68.1632653061224,0.353846153846154,2,0,1.00000201162685,9.88131291682493e-324
72.0408163265306,0.353846153846154,2,0,0.999958703295326,9.88131291682493e-324
75.9183673469388,0.353846153846154,2,0,0.999961439693387,9.88131291682493e-324
79.7959183673469,0.353846153846154,2,0,0.999953273940372,9.88131291682493e-324
83.6734693877551,0.353846153846154,2,0,0.999953650282646,9.88131291682493e-324
87.5510204081633,0.353846153846154,2,0,0.999954030835563,9.88131291682493e-324
91.4285714285714,0.353846153846154,2,0,0.999954286259976,9.88131291682493e-324
95.3061224489796,0.353846153846154,2,0,0.999966744403947,9.88131291682493e-324
99.1836734693878,0.353846153846154,2,0,0.999967269907094,9.88131291682493e-324
103.061224489796,0.353846153846154,2,0,0.999967791035484,9.88131291682493e-324
106.938775510204,0.353846153846154,2,0,0.999968316647735,9.88131291682493e-324
110.816326530612,0.353846153846154,2,0,0.99996885647973,9.88131291682493e-324
114.69387755102,0.353846153846154,2,0,0.999969421297792,9.88131291682493e-324
118.571428571429,0.353846153846154,2,0,0.999969913922953,9.88131291682493e-324
122.448979591837,0.353846153846154,2,0,0.999970531798353,9.88131291682493e-324
126.326530612245,0.353846153846154,2,0,0.999971204859765,9.88131291682493e-324
130.204081632653,0.353846153846154,2,0,0.999971946715857,9.88131291682493e-324
134.081632653061,0.353846153846154,2,0,0.999972772290827,9.88131291682493e-324
137.959183673469,0.353846153846154,2,0,0.9999736979208,9.88131291682493e-324
141.836734693878,0.353846153846154,2,0,0.999974741489463,9.88131291682493e-324
145.714285714286,0.353846153846154,2,0,0.999975922554942,9.88131291682493e-324
149.591836734694,0.353846153846154,2,0,0.999980786488665,9.88131291682493e-324
153.469387755102,0.353846153846154,2,0,0.99998426096723,9.88131291682493e-324
157.34693877551,0.353846153846154,2,0,0.999987497637654,9.88131291682493e-324
161.224489795918,0.353846153846154,2,0,0.999991699845658,9.88131291682493e-324
165.102040816327,0.353846153846154,2,0,0.999996437359838,9.88131291682493e-324
168.979591836735,0.353846153846154,2,0,1.00000180978651,9.88131291682493e-324
172.857142857143,0.353846153846154,2,0,0.999958380003548,9.88131291682493e-324
176.734693877551,0.353846153846154,2,0,0.999960653771035,9.88131291682493e-324
180.612244897959,0.353846153846154,2,0,0.999962562087694,9.88131291682493e-324
184.489795918367,0.353846153846154,2,0,0.999964157457146,9.88131291682493e-324
188.367346938776,0.353846153846154,2,0,0.999953037582777,9.88131291682493e-324
192.244897959184,0.353846153846154,2,0,0.999953344072148,9.88131291682493e-324
196.122448979592,0.353846153846154,2,0,0.999953641776144,9.88131291682493e-324
200,0.353846153846154,2,0,0.999953934634955,9.88131291682493e-324
10,0.376923076923077,2,4.94065645841247e-324,0.99996144171768,9.88131291682493e-324
13.8775510204082,0.376923076923077,2,4.94065645841247e-324,0.999962756666236,9.88131291682493e-324
17.7551020408163,0.376923076923077,2,4.94065645841247e-324,0.99996696290315,9.88131291682493e-324
21.6326530612245,0.376923076923077,2,4.94065645841247e-324,0.999921774529209,9.88131291682493e-324
25.5102040816327,0.376923076923077,2,4.94065645841247e-324,0.999929813380185,9.88131291682493e-324
29.3877551020408,0.376923076923077,2,4.94065645841247e-324,0.99993697972494,9.88131291682493e-324
33.265306122449,0.376923076923077,2,4.94065645841247e-324,0.999943405696734,9.88131291682493e-324
37.1428571428571,0.376923076923077,2,4.94065645841247e-324,0.999964194098205,9.88131291682493e-324
41.0204081632653,0.376923076923077,2,4.94065645841247e-324,0.99997323530001,9.88131291682493e-324
44.8979591836735,0.376923076923077,2,4.94065645841247e-324,0.999971875668413,9.88131291682493e-324
48.7755102040816,0.376923076923077,2,4.94065645841247e-324,0.999973420675398,9.88131291682493e-324
52.6530612244898,0.376923076923077,2,4.94065645841247e-324,0.999950057674518,9.88131291682493e-324
56.530612244898,0.376923076923077,2,4.94065645841247e-324,0.999968684335676,9.88131291682493e-324
60.4081632653061,0.376923076923077,2,4.94065645841247e-324,0.999969365634222,9.88131291682493e-324
64.2857142857143,0.376923076923077,2,4.94065645841247e-324,0.999970090396068,9.88131291682493e-324
68.1632653061224,0.376923076923077,2,4.94065645841247e-324,0.999970878933227,9.88131291682493e-324
72.0408163265306,0.376923076923077,2,4.94065645841247e-324,0.999971752703399,9.88131291682493e-324
75.9183673469388,0.376923076923077,2,4.94065645841247e-324,0.999972734313789,9.88131291682493e-324
79.7959183673469,0.376923076923077,2,4.94065645841247e-324,0.999973847481706,9.88131291682493e-324
83.6734693877551,0.376923076923077,2,4.94065645841247e-324,0.999975116948823,9.88131291682493e-324
87.5510204081633,0.376923076923077,2,4.94065645841247e-324,0.999976568344716,9.88131291682493e-324
91.4285714285714,0.376923076923077,2,4.94065645841247e-324,0.99997822799375,9.88131291682493e-324
95.3061224489796,0.376923076923077,2,4.94065645841247e-324,0.999980122657749,9.88131291682493e-324
99.1836734693878,0.376923076923077,2,4.94065645841247e-324,0.999982279204803,9.88131291682493e-324
103.061224489796,0.376923076923077,2,4.94065645841247e-324,0.999984724192265,9.88131291682493e-324
106.938775510204,0.376923076923077,2,4.94065645841247e-324,0.999957411933182,9.88131291682493e-324
110.816326530612,0.376923076923077,2,4.94065645841247e-324,0.999960130165714,9.88131291682493e-324
114.69387755102,0.376923076923077,2,4.94065645841247e-324,0.999962325462189,9.88131291682493e-324
118.571428571429,0.376923076923077,2,4.94065645841247e-324,0.999964094255216,9.88131291682493e-324
122.448979591837,0.376923076923077,2,4.94065645841247e-324,0.999964903268472,9.88131291682493e-324
126.326530612245,0.376923076923077,2,4.94065645841247e-324,0.999965790337667,9.88131291682493e-324
130.204081632653,0.376923076923077,2,4.94065645841247e-324,0.99996698733944,9.88131291682493e-324
134.081632653061,0.376923076923077,2,4.94065645841247e-324,0.999968116212584,9.88131291682493e-324
137.959183673469,0.376923076923077,2,4.94065645841247e-324,0.999969200135176,9.88131291682493e-324
141.836734693878,0.376923076923077,2,4.94065645841247e-324,0.999970263039518,9.88131291682493e-324
145.714285714286,0.376923076923077,2,4.94065645841247e-324,0.999971329889178,9.88131291682493e-324
149.591836734694,0.376923076923077,2,4.94065645841247e-324,0.999972426902055,9.88131291682493e-324
153.469387755102,0.376923076923077,2,4.94065645841247e-324,0.999973581697834,9.88131291682493e-324
157.34693877551,0.376923076923077,2,4.94065645841247e-324,0.999974823459972,9.88131291682493e-324
161.224489795918,0.376923076923077,2,4.94065645841247e-324,0.999976182996203,9.88131291682493e-324
165.102040816327,0.376923076923077,2,0,0.999963272064488,9.88131291682493e-324
168.979591836735,0.376923076923077,2,0,0.999964684039977,9.88131291682493e-324
172.857142857143,0.376923076923077,2,0,0.999965919670421,9.88131291682493e-324
176.734693877551,0.376923076923077,2,0,0.999939762385623,9.88131291682493e-324
180.612244897959,0.376923076923077,2,0,0.999947195330006,9.88131291682493e-324
184.489795918367,0.376923076923077,2,0,0.999953640016802,9.88131291682493e-324
188.367346938776,0.376923076923077,2,0,0.999959390666155,9.88131291682493e-324
192.244897959184,0.376923076923077,2,0,0.999964757625308,9.88131291682493e-324
196.122448979592,0.376923076923077,2,0,0.999970086239461,9.88131291682493e-324
200,0.376923076923077,2,0,0.999975774742463,9.88131291682493e-324
10,0.4,2,0,0.999982290511832,9.88131291682493e-324
13.8775510204082,0.4,2,0,0.999950944061211,9.88131291682493e-324
17.7551020408163,0.4,2,0,0.999951823821866,9.88131291682493e-324
21.6326530612245,0.4,2,0,0.99997773755092,9.88131291682493e-324
25.5102040816327,0.4,2,0,0.99998048368685,9.88131291682493e-324
29.3877551020408,0.4,2,0,0.999983802080382,9.88131291682493e-324
33.265306122449,0.4,2,0,0.999987777632605,9.88131291682493e-324
37.1428571428571,0.4,2,0,0.999919916541053,9.88131291682493e-324
41.0204081632653,0.4,2,0,0.999929908234098,9.88131291682493e-324
44.8979591836735,0.4,2,0,0.999938375467047,9.88131291682493e-324
48.7755102040816,0.4,2,0,0.999967615430695,9.88131291682493e-324
52.6530612244898,0.4,2,0,0.999969259622748,9.88131291682493e-324
56.530612244898,0.4,2,0,0.999970862054878,9.88131291682493e-324
60.4081632653061,0.4,2,0,0.999972509920159,9.88131291682493e-324
64.2857142857143,0.4,2,0,0.999974298341637,9.88131291682493e-324
68.1632653061224,0.4,2,0,0.999976331699116,9.88131291682493e-324
72.0408163265306,0.4,2,0,0.999948486758512,9.88131291682493e-324
75.9183673469388,0.4,2,0,0.999949663353953,9.88131291682493e-324
79.7959183673469,0.4,2,0,0.99995066333735,9.88131291682493e-324
83.6734693877551,0.4,2,0,0.999951519461609,9.88131291682493e-324
87.5510204081633,0.4,2,0,0.999952261131235,9.88131291682493e-324
91.4285714285714,0.4,2,0,0.999952916037165,9.88131291682493e-324
95.3061224489796,0.4,2,0,0.9999533255456,9.88131291682493e-324
99.1836734693878,0.4,2,0,0.999953881209235,9.88131291682493e-324
103.061224489796,0.4,2,0,0.999956003935565,9.88131291682493e-324
106.938775510204,0.4,2,0,0.99995674905069,9.88131291682493e-324
110.816326530612,0.4,2,0,0.99995763119996,9.88131291682493e-324
114.69387755102,0.4,2,0,0.999958689431442,9.88131291682493e-324
118.571428571429,0.4,2,0,0.999959965056641,9.88131291682493e-324
122.448979591837,0.4,2,0,0.999957944627499,9.88131291682493e-324
126.326530612245,0.4,2,1.42971501302725e-266,0.999967503073186,9.88131291682493e-324
130.204081632653,0.4,2,1.47267385740232e-266,0.999969405611711,9.88131291682493e-324
134.081632653061,0.4,2,1.51696133383258e-266,0.999971677153646,9.88131291682493e-324
137.959183673469,0.4,2,1.56261347339168e-266,0.999974818062603,9.88131291682493e-324
141.836734693878,0.4,2,1.60966742013642e-266,0.999979397109576,9.88131291682493e-324
145.714285714286,0.4,2,1.65816187410051e-266,0.999986025333896,9.88131291682493e-324
149.591836734694,0.4,2,1.37467486339928e-266,0.999925389734142,9.88131291682493e-324
153.469387755102,0.4,2,1.41591191809942e-266,0.999941873604884,9.88131291682493e-324
157.34693877551,0.4,2,1.45840019604923e-266,0.999954135148999,9.88131291682493e-324
161.224489795918,0.4,2,1.5021747697509e-266,0.999964066504479,9.88131291682493e-324
165.102040816327,0.4,2,1.54727195169356e-266,0.999973587990993,9.88131291682493e-324
168.979591836735,0.4,2,1.26762083217004e-266,0.999950240824322,9.88131291682493e-324
172.857142857143,0.4,2,1.30496782545805e-266,0.999951900431085,9.88131291682493e-324
176.734693877551,0.4,2,1.34343831196652e-266,0.999953174546156,9.88131291682493e-324
180.612244897959,0.4,2,1.38306521261463e-266,0.999954266386891,9.88131291682493e-324
184.489795918367,0.4,2,1.42388252895247e-266,0.999955388688734,9.88131291682493e-324
188.367346938776,0.4,2,1.46592537767114e-266,0.99995678258511,9.88131291682493e-324
192.244897959184,0.4,2,1.50923002535838e-266,0.999958725746158,9.88131291682493e-324
196.122448979592,0.4,2,1.26066202201567e-266,0.999957982332361,9.88131291682493e-324
200,0.4,2,1.29773315685195e-266,0.999961634134169,9.88131291682493e-324
10,0.423076923076923,2,1.3359153874012e-266,0.999964321562114,9.88131291682493e-324
13.8775510204082,0.423076923076923,2,1.37524194106737e-266,0.999966407866081,9.88131291682493e-324
17.7551020408163,0.423076923076923,2,1.41574711814791e-266,0.999968228571958,9.88131291682493e-324
21.6326530612245,0.423076923076923,2,1.45746632259708e-266,0.999970140646506,9.88131291682493e-324
25.5102040816327,0.423076923076923,2,1.50043609347647e-266,0.99997255212112,9.88131291682493e-324
29.3877551020408,0.423076923076923,2,1.54469413717233e-266,0.99997593394304,9.88131291682493e-324
33.265306122449,0.423076923076923,2,1.59027936099624e-266,0.999980813519461,9.88131291682493e-324
37.1428571428571,0.423076923076923,2,1.6372319067799e-266,0.999987745889603,9.88131291682493e-324
41.0204081632653,0.423076923076923,2,1.3564974076317e-266,0.999928713012453,9.88131291682493e-324
44.8979591836735,0.423076923076923,2,1.39638994103147e-266,0.999943854069122,9.88131291682493e-324
48.7755102040816,0.423076923076923,2,1.4374795658675e-266,0.999955323679104,9.88131291682493e-324
52.6530612244898,0.423076923076923,2,1.47980265522968e-266,0.999964812800829,9.88131291682493e-324
56.530612244898,0.423076923076923,2,1.52339672176596e-266,0.999974076660868,9.88131291682493e-324
60.4081632653061,0.423076923076923,2,1.56830045083095e-266,0.999985152186648,9.88131291682493e-324
64.2857142857143,0.423076923076923,2,1.61455373397103e-266,1.00000046785443,9.88131291682493e-324
68.1632653061224,0.423076923076923,2,1.3263323602545e-266,0.999962537519104,9.88131291682493e-324
72.0408163265306,0.423076923076923,2,1.36512398791247e-266,0.999966137669877,9.88131291682493e-324
75.9183673469388,0.423076923076923,2,1.4052101351937e-266,0.999969395479325,9.88131291682493e-324
79.7959183673469,0.423076923076923,2,1.44650177235827e-266,0.99997252037398,9.88131291682493e-324
83.6734693877551,0.423076923076923,2,1.48903568902263e-266,0.999976160550454,9.88131291682493e-324
87.5510204081633,0.423076923076923,2,2.47039496243056e-14,0.999958035977262,9.88131291682493e-324
91.4285714285714,0.423076923076923,2,2.466037025832e-14,0.999974362435688,9.88131291682493e-324
95.3061224489796,0.423076923076923,2,2.4624447274955e-14,0.999963671131384,9.88131291682493e-324
99.1836734693878,0.423076923076923,2,2.45882637257562e-14,0.999970593565747,9.88131291682493e-324
103.061224489796,0.423076923076923,2,2.45386254189724e-14,0.999956120022183,9.88131291682493e-324
106.938775510204,0.423076923076923,2,2.44940044745552e-14,0.999970152954212,9.88131291682493e-324
110.816326530612,0.423076923076923,2,2.44570253329701e-14,0.999949342549917,9.88131291682493e-324
114.69387755102,0.423076923076923,2,2.44198309803856e-14,0.999967613911353,9.88131291682493e-324
118.571428571429,0.423076923076923,2,2.43693128943239e-14,0.999954148489105,9.88131291682493e-324
122.448979591837,0.423076923076923,2,2.43243898518702e-14,0.999964571716198,9.88131291682493e-324
126.326530612245,0.423076923076923,2,2.42859333745698e-14,0.999919398358239,9.88131291682493e-324
130.204081632653,0.423076923076923,2,2.42478849792279e-14,0.999963381825211,9.88131291682493e-324
134.081632653061,0.423076923076923,2,2.41966425930943e-14,0.999951536861842,9.88131291682493e-324
137.959183673469,0.423076923076923,2,2.440878074539e-14,0.999986985299992,9.88131291682493e-324
141.836734693878,0.423076923076923,2,2.43697555432969e-14,0.999976505198139,9.88131291682493e-324
145.714285714286,0.423076923076923,2,2.43174949085543e-14,0.999959111243354,9.88131291682493e-324
149.591836734694,0.423076923076923,2,2.42703084356863e-14,0.999974471585442,9.88131291682493e-324
153.469387755102,0.423076923076923,2,2.42307877174611e-14,0.999959921657146,9.88131291682493e-324
157.34693877551,0.423076923076923,2,2.41911400224438e-14,0.999968947110696,9.88131291682493e-324
161.224489795918,0.423076923076923,2,2.41426904648075e-14,0.999954781569486,9.88131291682493e-324
165.102040816327,0.423076923076923,2,2.40947339625039e-14,0.999965217853911,9.88131291682493e-324
168.979591836735,0.423076923076923,2,2.40544302234725e-14,0.999920695469161,9.88131291682493e-324
172.857142857143,0.423076923076923,2,2.40140542163495e-14,0.999962890430767,9.88131291682493e-324
176.734693877551,0.423076923076923,2,2.39607071056128e-14,0.999950849863338,9.88131291682493e-324
180.612244897959,0.423076923076923,2,2.41682208418268e-14,0.999979003814148,9.88131291682493e-324
184.489795918367,0.423076923076923,2,2.41295261714911e-14,0.999973519832476,9.88131291682493e-324
188.367346938776,0.423076923076923,2,2.407521801745e-14,0.999957004438876,9.88131291682493e-324
192.244897959184,0.423076923076923,2,2.40260237852285e-14,0.999970340258673,9.88131291682493e-324
196.122448979592,0.423076923076923,2,2.39845046440892e-14,0.999943958956094,9.88131291682493e-324
200,0.423076923076923,2,2.39429494750174e-14,0.999965906289731,9.88131291682493e-324
10,0.446153846153846,2,2.38885029695706e-14,0.999952599015477,9.88131291682493e-324
13.8775510204082,0.446153846153846,2,2.40941878300371e-14,0.999993302938032,9.88131291682493e-324
17.7551020408163,0.446153846153846,2,2.40520141577775e-14,0.999976959508809,9.88131291682493e-324
21.6326530612245,0.446153846153846,2,2.3998730524769e-14,0.999958730639047,9.88131291682493e-324
25.5102040816327,0.446153846153846,2,2.39486560570761e-14,0.999972820387317,9.88131291682493e-324
29.3877551020408,0.446153846153846,2,2.3906262119349e-14,0.999952111653333,9.88131291682493e-324
33.265306122449,0.446153846153846,2,2.38653212223229e-14,0.999967104833767,9.88131291682493e-324
37.1428571428571,0.446153846153846,2,2.3810037928382e-14,0.99995324492253,9.88131291682493e-324
41.0204081632653,0.446153846153846,2,2.40289651872425e-14,0.999987334494937,9.88131291682493e-324
44.8979591836735,0.446153846153846,2,2.37317033998191e-14,0.999960177371677,9.88131291682493e-324
48.7755102040816,0.446153846153846,3,1,0.999937057816375,4.94065645841247e-324
52.6530612244898,0.446153846153846,3,1,0.999966211451993,9.88131291682493e-324
56.530612244898,0.446153846153846,3,1,0.999953596250232,9.88131291682493e-324
60.4081632653061,0.446153846153846,3,1,0.999963605927887,9.88131291682493e-324
64.2857142857143,0.446153846153846,3,1,0.99992233656544,9.88131291682493e-324
68.1632653061224,0.446153846153846,3,1,0.999964695119661,9.88131291682493e-324
72.0408163265306,0.446153846153846,3,1,0.999952861987894,9.88131291682493e-324
75.9183673469388,0.446153846153846,3,1,0.999960173811709,1.48219693752374e-323
79.7959183673469,0.446153846153846,3,1,0.999988727641195,1.48219693752374e-323
83.6734693877551,0.446153846153846,3,1,0.99996350389902,1.48219693752374e-323
87.5510204081633,0.446153846153846,3,1,0.999952268342441,1.48219693752374e-323
91.4285714285714,0.446153846153846,3,1,1.00000353487758,1.48219693752374e-323
95.3061224489796,0.446153846153846,3,1,0.999985271616632,1.48219693752374e-323
99.1836734693878,0.446153846153846,3,1,0.99996235394418,1.48219693752374e-323
103.061224489796,0.446153846153846,3,1,0.999951686369776,1.48219693752374e-323
106.938775510204,0.446153846153846,3,1,0.999996068011524,1.48219693752374e-323
110.816326530612,0.446153846153846,3,1,0.999982476671986,1.48219693752374e-323
114.69387755102,0.446153846153846,3,1,0.999961119682502,1.97626258336499e-323
118.571428571429,0.446153846153846,3,1,0.999951058629055,1.97626258336499e-323
122.448979591837,0.446153846153846,3,1,0.999989808811976,1.97626258336499e-323
126.326530612245,0.446153846153846,3,1,0.999980075245607,1.97626258336499e-323
130.204081632653,0.446153846153846,3,1,0.999959725332422,1.97626258336499e-323
134.081632653061,0.446153846153846,3,1,0.999950349396379,1.97626258336499e-323
137.959183673469,0.446153846153846,3,1,0.999984344328977,2.47032822920623e-323
141.836734693878,0.446153846153846,3,1,0.999977969056641,2.47032822920623e-323
145.714285714286,0.446153846153846,3,1,0.999958110225521,2.47032822920623e-323
149.591836734694,0.446153846153846,3,1,0.999949529195977,2.47032822920623e-323
153.469387755102,0.446153846153846,3,1,0.999979455211415,2.47032822920623e-323
157.34693877551,0.446153846153846,3,1,0.999976115440966,2.47032822920623e-323
161.224489795918,0.446153846153846,3,1,0.99996032060595,2.47032822920623e-323
165.102040816327,0.446153846153846,3,1,0.999948568552061,2.47032822920623e-323
168.979591836735,0.446153846153846,3,1,0.999974978512201,2.47032822920623e-323
172.857142857143,0.446153846153846,3,1,0.999974488410926,2.47032822920623e-323
176.734693877551,0.446153846153846,3,1,0.999959167763958,2.96439387504748e-323
180.612244897959,0.446153846153846,3,1,0.999976842519403,2.96439387504748e-323
184.489795918367,0.446153846153846,3,1,0.999970761014282,2.96439387504748e-323
188.367346938776,0.446153846153846,3,1,0.999973064303935,2.96439387504748e-323
192.244897959184,0.446153846153846,3,0.999999999999999,0.999958160825343,2.96439387504748e-323
196.122448979592,0.446153846153846,3,0.999999999999999,0.999975016274797,2.96439387504748e-323
200,0.446153846153846,3,0.999999999999999,0.999966644059484,2.96439387504748e-323
10,0.469230769230769,3,1,0.999967498514032,4.94065645841247e-324
13.8775510204082,0.469230769230769,3,1,0.999961028838121,9.88131291682493e-324
17.7551020408163,0.469230769230769,3,1,0.99997532725227,9.88131291682493e-324
21.6326530612245,0.469230769230769,3,1,0.99996213843088,9.88131291682493e-324
25.5102040816327,0.469230769230769,3,1,0.999953780121986,9.88131291682493e-324
29.3877551020408,0.469230769230769,3,1,0.999970292353522,9.88131291682493e-324
33.265306122449,0.469230769230769,3,1,0.999970559874408,9.88131291682493e-324
37.1428571428571,0.469230769230769,3,1,0.999980826118714,1.48219693752374e-323
41.0204081632653,0.469230769230769,3,1,0.999965225984926,1.48219693752374e-323
44.8979591836735,0.469230769230769,3,1,0.999955209282115,1.48219693752374e-323
48.7755102040816,0.469230769230769,3,1,0.999974876025902,1.48219693752374e-323
52.6530612244898,0.469230769230769,3,1,0.999985855335589,1.48219693752374e-323
56.530612244898,0.469230769230769,3,1,0.999918279686476,1.48219693752374e-323
60.4081632653061,0.469230769230769,3,1,0.999968020764531,1.48219693752374e-323
64.2857142857143,0.469230769230769,3,1,0.999957370600568,1.48219693752374e-323
68.1632653061224,0.469230769230769,3,1,0.999949911111095,1.48219693752374e-323
72.0408163265306,0.469230769230769,3,1,0.999960075499305,1.48219693752374e-323
75.9183673469388,0.469230769230769,3,1,0.999944037141043,1.97626258336499e-323
79.7959183673469,0.469230769230769,3,1,0.999971129005797,1.97626258336499e-323
83.6734693877551,0.469230769230769,3,1,0.999961219759177,1.97626258336499e-323
87.5510204081633,0.469230769230769,3,1,0.999952438692569,1.97626258336499e-323
91.4285714285714,0.469230769230769,3,1,0.99996683976638,1.97626258336499e-323
95.3061224489796,0.469230769230769,3,1,0.99996127849197,1.97626258336499e-323
99.1836734693878,0.469230769230769,3,1,0.999976116944741,2.47032822920623e-323
103.061224489796,0.469230769230769,3,1,0.999963075162948,2.47032822920623e-323
106.938775510204,0.469230769230769,3,1,0.999954249927989,2.47032822920623e-323
110.816326530612,0.469230769230769,3,1,0.999971957188498,2.47032822920623e-323
114.69387755102,0.469230769230769,3,1,0.999976422055933,2.47032822920623e-323
118.571428571429,0.469230769230769,3,1,0.999985130221417,2.47032822920623e-323
122.448979591837,0.469230769230769,3,1,0.999966616074349,2.47032822920623e-323
126.326530612245,0.469230769230769,3,1,0.99996022742256,2.47032822920623e-323
130.204081632653,0.469230769230769,3,1,0.999952007961651,2.47032822920623e-323
134.081632653061,0.469230769230769,3,1,0.999962700710151,2.47032822920623e-323
137.959183673469,0.469230769230769,3,1,0.999949221029138,2.96439387504748e-323
141.836734693878,0.469230769230769,3,1,0.999972182672108,2.96439387504748e-323
145.714285714286,0.469230769230769,3,1,0.999959278691624,2.96439387504748e-323
149.591836734694,0.469230769230769,3,1,0.999952944187266,2.96439387504748e-323
153.469387755102,0.469230769230769,3,1,0.999968187151475,2.96439387504748e-323
157.34693877551,0.469230769230769,3,1,0.999964983031638,2.96439387504748e-323
161.224489795918,0.469230769230769,3,1,0.999977876778892,2.96439387504748e-323
165.102040816327,0.469230769230769,3,1,0.999975813194425,4.94065645841247e-324
168.979591836735,0.469230769230769,3,1,0.999994773980826,9.88131291682493e-324
172.857142857143,0.469230769230769,3,1,0.999936719548182,9.88131291682493e-324
176.734693877551,0.469230769230769,3,1,0.999970949664745,9.88131291682493e-324
180.612244897959,0.469230769230769,3,1,0.999959198441883,9.88131291682493e-324
184.489795918367,0.469230769230769,3,1,0.999953484414395,9.88131291682493e-324
188.367346938776,0.469230769230769,3,1,0.999971295073065,9.88131291682493e-324
192.244897959184,0.469230769230769,3,1,0.999979797471828,1.48219693752374e-323
196.122448979592,0.469230769230769,3,1,0.999919406198144,1.48219693752374e-323
200,0.469230769230769,3,1,0.999969148059232,1.48219693752374e-323
10,0.492307692307692,3,1,0.999960047899451,1.48219693752374e-323
13.8775510204082,0.492307692307692,3,1,0.999952655413332,1.48219693752374e-323
17.7551020408163,0.492307692307692,3,1,0.999969238388812,1.48219693752374e-323
21.6326530612245,0.492307692307692,3,1,0.999973417576408,1.48219693752374e-323
25.5102040816327,0.492307692307692,3,1,0.999987216655406,1.48219693752374e-323
29.3877551020408,0.492307692307692,3,1,0.99996815261449,1.48219693752374e-323
33.265306122449,0.492307692307692,3,1,0.999923435171592,1.48219693752374e-323
37.1428571428571,0.492307692307692,3,1,0.999939610550481,1.97626258336499e-323
41.0204081632653,0.492307692307692,3,1,0.99997187746241,1.97626258336499e-323
44.8979591836735,0.492307692307692,3,1,0.999961106774335,1.97626258336499e-323
48.7755102040816,0.492307692307692,3,1,0.999954207068519,1.97626258336499e-323
52.6530612244898,0.492307692307692,3,1,0.999973947268337,1.97626258336499e-323
56.530612244898,0.492307692307692,3,1,0.999991564106261,1.97626258336499e-323
60.4081632653061,0.492307692307692,3,1,0.999937187434505,2.47032822920623e-323
64.2857142857143,0.492307692307692,3,1,0.99997149672959,2.47032822920623e-323
68.1632653061224,0.492307692307692,3,1,0.999960648884274,2.47032822920623e-323
72.0408163265306,0.492307692307692,3,1,0.999954073286154,2.47032822920623e-323
75.9183673469388,0.492307692307692,3,1,0.999973535154021,2.47032822920623e-323
79.7959183673469,0.492307692307692,3,1,0.999949834637047,2.47032822920623e-323
83.6734693877551,0.492307692307692,3,1,0.999963451142438,2.47032822920623e-323
87.5510204081633,0.492307692307692,3,1,0.999957237249179,2.47032822920623e-323
91.4285714285714,0.492307692307692,3,1,0.999976871557437,2.47032822920623e-323
95.3061224489796,0.492307692307692,3,1,0.999964939052047,2.47032822920623e-323
99.1836734693878,0.492307692307692,3,1,0.999955829971767,2.96439387504748e-323
103.061224489796,0.492307692307692,3,1,0.999949079135243,2.96439387504748e-323
106.938775510204,0.492307692307692,3,1,0.999961519839375,2.96439387504748e-323
110.816326530612,0.492307692307692,3,1,0.999953710016016,2.96439387504748e-323
114.69387755102,0.492307692307692,3,1,0.999975461257139,2.96439387504748e-323
118.571428571429,0.492307692307692,3,1,0.999964171165968,2.96439387504748e-323
122.448979591837,0.492307692307692,3,1,0.99995540609345,2.96439387504748e-323
126.326530612245,0.492307692307692,3,1,0.999949807835171,4.94065645841247e-324
130.204081632653,0.492307692307692,3,1,0.999963506449209,9.88131291682493e-324
134.081632653061,0.492307692307692,3,1,0.999958085246896,9.88131291682493e-324
137.959183673469,0.492307692307692,3,1,0.999977780955647,9.88131291682493e-324
141.836734693878,0.492307692307692,3,1,0.999965655334488,9.88131291682493e-324
145.714285714286,0.492307692307692,3,1,0.999956549759545,9.88131291682493e-324
149.591836734694,0.492307692307692,3,1,0.999950488799289,9.88131291682493e-324
153.469387755102,0.492307692307692,3,1,0.999965134277542,1.48219693752374e-323
157.34693877551,0.492307692307692,3,1,0.999964388822151,1.48219693752374e-323
161.224489795918,0.492307692307692,3,1,0.999982067421479,1.48219693752374e-323
165.102040816327,0.492307692307692,3,1,0.999967308697011,1.48219693752374e-323
168.979591836735,0.492307692307692,3,1,0.999958268860904,1.48219693752374e-323
172.857142857143,0.492307692307692,3,1,0.999940316879675,1.48219693752374e-323
176.734693877551,0.492307692307692,3,1,0.99997287192517,1.48219693752374e-323
180.612244897959,0.492307692307692,3,1,0.999963109464883,1.48219693752374e-323
184.489795918367,0.492307692307692,3,1,0.999955323235706,1.48219693752374e-323
188.367346938776,0.492307692307692,3,1,0.999948995067115,1.48219693752374e-323
192.244897959184,0.492307692307692,3,1,0.999953333839141,1.97626258336499e-323
196.122448979592,0.492307692307692,3,1,0.999972231934411,1.97626258336499e-323
200,0.492307692307692,3,1,0.999988862673082,1.97626258336499e-323
10,0.515384615384615,3,1,0.999981192881346,1.97626258336499e-323
13.8775510204082,0.515384615384615,3,1,0.99999570580118,2.47032822920623e-323
17.7551020408163,0.515384615384615,3,1,0.999964644413065,1.97626258336499e-323
21.6326530612245,0.515384615384615,3,1,0.999954292527676,2.47032822920623e-323
25.5102040816327,0.515384615384615,3,1,0.999975240282378,2.47032822920623e-323
29.3877551020408,0.515384615384615,3,1,1.00000195834159,2.47032822920623e-323
33.265306122449,0.515384615384615,3,1,0.999948831984258,2.47032822920623e-323
37.1428571428571,0.515384615384615,3,1,0.999974947625738,2.47032822920623e-323
41.0204081632653,0.515384615384615,3,1,0.99996455838611,2.47032822920623e-323
44.8979591836735,0.515384615384615,3,1,0.999956011785412,2.47032822920623e-323
48.7755102040816,0.515384615384615,3,1,0.999950017794189,2.47032822920623e-323
52.6530612244898,0.515384615384615,3,1,0.999964601751125,2.47032822920623e-323
56.530612244898,0.515384615384615,3,1,0.999973547292233,2.47032822920623e-323
60.4081632653061,0.515384615384615,3,1,0.999993947866071,2.96439387504748e-323
64.2857142857143,0.515384615384615,3,1,0.999943111157962,2.96439387504748e-323
68.1632653061224,0.515384615384615,3,1,0.999973392969358,2.96439387504748e-323
72.0408163265306,0.515384615384615,3,1,0.999963450393061,2.96439387504748e-323
75.9183673469388,0.515384615384615,3,1,0.999954666065428,2.96439387504748e-323
79.7959183673469,0.515384615384615,3,1,0.999976619931462,2.96439387504748e-323
83.6734693877551,0.515384615384615,3,1,0.999958588585549,2.96439387504748e-323
87.5510204081633,0.515384615384615,3,1,0.999951156998541,4.94065645841247e-324
91.4285714285714,0.515384615384615,3,1,0.99996645618963,9.88131291682493e-324
95.3061224489796,0.515384615384615,3,1,0.999967854893563,9.88131291682493e-324
99.1836734693878,0.515384615384615,3,1,0.999984928922559,9.88131291682493e-324
103.061224489796,0.515384615384615,3,1,0.999968187256891,9.88131291682493e-324
106.938775510204,0.515384615384615,3,1,0.999959629997904,9.88131291682493e-324
110.816326530612,0.515384615384615,3,1,0.999952930927302,9.88131291682493e-324
114.69387755102,0.515384615384615,3,1,0.999971172747696,1.48219693752374e-323
118.571428571429,0.515384615384615,3,1,0.99998467271514,1.48219693752374e-323
122.448979591837,0.515384615384615,3,1,0.999934882796878,1.48219693752374e-323
126.326530612245,0.515384615384615,3,1,0.999972022434112,1.48219693752374e-323
130.204081632653,0.515384615384615,3,1,0.999967907192226,1.48219693752374e-323
134.081632653061,0.515384615384615,3,1,0.999976530600467,1.48219693752374e-323
137.959183673469,0.515384615384615,3,1,0.999960095438209,1.48219693752374e-323
141.836734693878,0.515384615384615,3,1,0.999956955717451,1.48219693752374e-323
145.714285714286,0.515384615384615,3,1,0.99997947873358,1.48219693752374e-323
149.591836734694,0.515384615384615,3,1,0.999931079157271,1.48219693752374e-323
153.469387755102,0.515384615384615,3,1,0.99997152899214,1.97626258336499e-323
157.34693877551,0.515384615384615,3,1,0.999961979191547,1.97626258336499e-323
161.224489795918,0.515384615384615,3,1,0.999954970117847,1.97626258336499e-323
165.102040816327,0.515384615384615,3,1,0.999948495075842,1.97626258336499e-323
168.979591836735,0.515384615384615,3,1,0.999962817773302,1.97626258336499e-323
172.857142857143,0.515384615384615,3,1,0.999960732050485,1.97626258336499e-323
176.734693877551,0.515384615384615,3,1,0.999981334795258,2.47032822920623e-323
180.612244897959,0.515384615384615,3,1,0.999967543011189,2.47032822920623e-323
184.489795918367,0.515384615384615,3,1,0.999979749610315,2.47032822920623e-323
188.367346938776,0.515384615384615,3,1,0.99998977289136,2.47032822920623e-323
192.244897959184,0.515384615384615,3,1,0.99997177014263,2.47032822920623e-323
196.122448979592,0.515384615384615,3,1,0.99996431104405,2.47032822920623e-323
200,0.515384615384615,3,1,0.999947873192016,2.47032822920623e-323
10,0.538461538461539,3,1,0.999970824983748,2.47032822920623e-323
13.8775510204082,0.538461538461539,3,1,0.999961055125019,2.47032822920623e-323
17.7551020408163,0.538461538461539,3,1,0.9999546377516,2.47032822920623e-323
21.6326530612245,0.538461538461539,3,1,0.999947680464378,2.96439387504748e-323
25.5102040816327,0.538461538461539,3,1,0.999960817727997,2.96439387504748e-323
29.3877551020408,0.538461538461539,3,1,0.999957222815308,2.96439387504748e-323
33.265306122449,0.538461538461539,3,1,0.999979056739828,2.96439387504748e-323
37.1428571428571,0.538461538461539,3,1,0.999966760551492,2.96439387504748e-323
41.0204081632653,0.538461538461539,3,1,0.999958099499966,2.96439387504748e-323
44.8979591836735,0.538461538461539,3,1,0.999952266131182,2.96439387504748e-323
48.7755102040816,0.538461538461539,3,1,0.999962018908705,4.94065645841247e-324
52.6530612244898,0.538461538461539,3,1,0.999968418937705,9.88131291682493e-324
56.530612244898,0.538461538461539,3,1,0.999974361097739,9.88131291682493e-324
60.4081632653061,0.538461538461539,3,1,0.999969499297928,9.88131291682493e-324
64.2857142857143,0.538461538461539,3,1,0.999969857956155,9.88131291682493e-324
68.1632653061224,0.538461538461539,3,1,0.999959376226381,9.88131291682493e-324
72.0408163265306,0.538461538461539,3,1,0.99995412439863,9.88131291682493e-324
75.9183673469388,0.538461538461539,3,1,0.999975255326476,1.48219693752374e-323
79.7959183673469,0.538461538461539,3,1,0.999957395498382,1.48219693752374e-323
83.6734693877551,0.538461538461539,3,1,0.999952911222316,1.48219693752374e-323
87.5510204081633,0.538461538461539,3,1,0.999977223610807,1.48219693752374e-323
91.4285714285714,0.538461538461539,3,1,0.999966137766243,1.48219693752374e-323
95.3061224489796,0.538461538461539,3,1,0.999951256193281,1.48219693752374e-323
99.1836734693878,0.538461538461539,3,1,0.999968305176436,1.48219693752374e-323
103.061224489796,0.538461538461539,3,1,0.999977995667916,1.48219693752374e-323
106.938775510204,0.538461538461539,3,1,0.999964827697823,1.48219693752374e-323
110.816326530612,0.538461538461539,3,1,0.999973466800678,1.48219693752374e-323
114.69387755102,0.538461538461539,3,1,0.999980944822554,1.97626258336499e-323
118.571428571429,0.538461538461539,3,1,0.99996759950838,1.97626258336499e-323
122.448979591837,0.538461538461539,3,1,0.999959486284407,1.97626258336499e-323
126.326530612245,0.538461538461539,3,1,0.999953179022709,1.97626258336499e-323
130.204081632653,0.538461538461539,3,1,0.999956739206326,1.97626258336499e-323
134.081632653061,0.538461538461539,3,1,0.999950193288528,1.97626258336499e-323
137.959183673469,0.538461538461539,3,1,0.999965754424421,2.47032822920623e-323
141.836734693878,0.538461538461539,3,1,0.999968848352751,2.47032822920623e-323
145.714285714286,0.538461538461539,3,1,0.999987880504539,2.47032822920623e-323
149.591836734694,0.538461538461539,3,1,0.999969357623445,2.47032822920623e-323
153.469387755102,0.538461538461539,3,1,0.999958906557773,2.47032822920623e-323
157.34693877551,0.538461538461539,3,1,0.999965915025276,2.47032822920623e-323
161.224489795918,0.538461538461539,3,1,0.999969444694023,2.47032822920623e-323
165.102040816327,0.538461538461539,3,1,0.999988558182295,2.47032822920623e-323
168.979591836735,0.538461538461539,3,1,0.999969542696678,2.47032822920623e-323
172.857142857143,0.538461538461539,3,1,0.999959318822099,2.47032822920623e-323
176.734693877551,0.538461538461539,3,1,0.999954241415346,2.96439387504748e-323
180.612244897959,0.538461538461539,3,1,0.999958531407536,2.96439387504748e-323
184.489795918367,0.538461538461539,3,1,0.999952663241459,2.96439387504748e-323
188.367346938776,0.538461538461539,3,1,0.999971152062352,2.96439387504748e-323
192.244897959184,0.538461538461539,3,1,0.999987257888766,2.96439387504748e-323
196.122448979592,0.538461538461539,3,1,0.999940682410542,2.96439387504748e-323
200,0.538461538461539,3,1,0.999973704287452,2.96439387504748e-323
10,0.561538461538462,3,1,0.9999628984919,4.94065645841247e-324
13.8775510204082,0.561538461538462,3,1,0.999969703523468,9.88131291682493e-324
17.7551020408163,0.561538461538462,3,1,0.999979334402945,9.88131291682493e-324
21.6326530612245,0.561538461538462,3,1,0.99992814286381,9.88131291682493e-324
25.5102040816327,0.561538461538462,3,1,0.999971191985371,9.88131291682493e-324
29.3877551020408,0.561538461538462,3,1,0.999961697875769,9.88131291682493e-324
33.265306122449,0.561538461538462,3,1,0.999954930248982,9.88131291682493e-324
37.1428571428571,0.561538461538462,3,1,0.999948567516323,1.48219693752374e-323
41.0204081632653,0.561538461538462,3,1,0.999963337071356,1.48219693752374e-323
44.8979591836735,0.561538461538462,3,1,0.999962352550435,1.48219693752374e-323
48.7755102040816,0.561538461538462,3,1,0.999982856323011,1.48219693752374e-323
52.6530612244898,0.561538461538462,3,1,0.99996815049255,1.48219693752374e-323
56.530612244898,0.561538461538462,3,1,0.999954658906536,1.48219693752374e-323
60.4081632653061,0.561538461538462,3,1,0.999972857565438,1.48219693752374e-323
64.2857142857143,0.561538461538462,3,1,0.999951743658145,1.48219693752374e-323
68.1632653061224,0.561538461538462,3,1,0.999960685733589,1.97626258336499e-323
72.0408163265306,0.561538461538462,3,1,0.999948322186212,1.48219693752374e-323
75.9183673469388,0.561538461538462,3,1,0.999963292895691,1.97626258336499e-323
79.7959183673469,0.561538461538462,3,1,0.999963423003077,1.97626258336499e-323
83.6734693877551,0.561538461538462,3,1,0.999984253706469,1.97626258336499e-323
87.5510204081633,0.561538461538462,3,1,0.999968713485426,1.97626258336499e-323
91.4285714285714,0.561538461538462,3,1,0.999919149042511,2.47032822920623e-323
95.3061224489796,0.561538461538462,3,1,0.999953097814211,1.97626258336499e-323
99.1836734693878,0.561538461538462,3,1,0.999972421321466,2.47032822920623e-323
103.061224489796,0.561538461538462,3,1,0.999993649563895,2.47032822920623e-323
106.938775510204,0.561538461538462,3,1,0.999946979482781,2.47032822920623e-323
110.816326530612,0.561538461538462,3,1,0.999975609687768,2.47032822920623e-323
114.69387755102,0.561538461538462,3,1,0.999965645713584,2.47032822920623e-323
118.571428571429,0.561538461538462,3,1,0.999957362061399,2.47032822920623e-323
122.448979591837,0.561538461538462,3,1,0.999951987777597,2.47032822920623e-323
126.326530612245,0.561538461538462,3,1,0.999969754696416,2.47032822920623e-323
130.204081632653,0.561538461538462,3,1,0.999982415735477,2.47032822920623e-323
134.081632653061,0.561538461538462,3,1,0.999936141675276,2.47032822920623e-323
137.959183673469,0.561538461538462,3,1,0.999972968517238,2.96439387504748e-323
141.836734693878,0.561538461538462,3,1,0.999963973436169,2.96439387504748e-323
145.714285714286,0.561538461538462,3,1,0.999956150186595,2.96439387504748e-323
149.591836734694,0.561538461538462,3,1,0.999949469174879,2.96439387504748e-323
153.469387755102,0.561538461538462,3,1,0.999964826788254,2.96439387504748e-323
157.34693877551,0.561538461538462,3,1,0.999967523488012,2.96439387504748e-323
161.224489795918,0.561538461538462,3,1,0.999987511928709,2.96439387504748e-323
165.102040816327,0.561538461538462,3,1,0.999963191814322,4.94065645841247e-324
168.979591836735,0.561538461538462,3,1,0.999970597144496,9.88131291682493e-324
172.857142857143,0.561538461538462,3,1,0.999983246805129,9.88131291682493e-324
176.734693877551,0.561538461538462,3,1,0.999934614615085,9.88131291682493e-324
180.612244897959,0.561538461538462,3,1,0.999972296703584,9.88131291682493e-324
184.489795918367,0.561538461538462,3,1,0.999963081628046,9.88131291682493e-324
188.367346938776,0.561538461538462,3,1,0.999955557991602,9.88131291682493e-324
192.244897959184,0.561538461538462,3,1,0.999949862647356,1.48219693752374e-323
196.122448979592,0.561538461538462,3,1,0.999965389833252,1.48219693752374e-323
200,0.561538461538462,3,1,0.999968618651402,1.48219693752374e-323
10,0.584615384615385,3,1,0.999988326000572,1.48219693752374e-323
13.8775510204082,0.584615384615385,3,1,0.999969623399236,1.48219693752374e-323
17.7551020408163,0.584615384615385,3,1,0.999959752254828,1.48219693752374e-323
21.6326530612245,0.584615384615385,3,1,0.999958663706382,1.48219693752374e-323
25.5102040816327,0.584615384615385,3,1,0.999953064411294,1.48219693752374e-323
29.3877551020408,0.584615384615385,3,1,0.999956068087995,1.48219693752374e-323
33.265306122449,0.584615384615385,3,1,0.999950760086243,1.48219693752374e-323
37.1428571428571,0.584615384615385,3,1,0.999967438531849,1.97626258336499e-323
41.0204081632653,0.584615384615385,3,1,0.999975496809866,1.97626258336499e-323
44.8979591836735,0.584615384615385,3,1,0.999971176727374,1.97626258336499e-323
48.7755102040816,0.584615384615385,3,1,0.999987242454617,1.97626258336499e-323
52.6530612244898,0.584615384615385,3,1,0.999964696179837,1.97626258336499e-323
56.530612244898,0.584615384615385,3,1,0.999954713092542,1.97626258336499e-323
60.4081632653061,0.584615384615385,3,1,0.999948415067824,2.47032822920623e-323
64.2857142857143,0.584615384615385,3,1,0.99996367770249,2.47032822920623e-323
68.1632653061224,0.584615384615385,3,1,0.999964172072063,2.47032822920623e-323
72.0408163265306,0.584615384615385,3,1,0.999985108161895,2.47032822920623e-323
75.9183673469388,0.584615384615385,3,1,0.999968976537965,2.47032822920623e-323
79.7959183673469,0.584615384615385,3,1,0.999975789918713,2.47032822920623e-323
83.6734693877551,0.584615384615385,3,1,0.999940519280916,2.47032822920623e-323
87.5510204081633,0.584615384615385,3,1,0.999945777581083,2.96439387504748e-323
91.4285714285714,0.584615384615385,3,1,0.999966323772423,2.96439387504748e-323
95.3061224489796,0.584615384615385,3,1,0.999975241921899,2.96439387504748e-323
99.1836734693878,0.584615384615385,3,1,0.999980355453317,2.96439387504748e-323
103.061224489796,0.584615384615385,3,1,0.999966919965876,2.96439387504748e-323
106.938775510204,0.584615384615385,3,1,0.999958782325191,2.96439387504748e-323
110.816326530612,0.584615384615385,3,1,0.999952935762676,2.96439387504748e-323
114.69387755102,0.584615384615385,3,1,0.99997224938022,2.96439387504748e-323
118.571428571429,0.584615384615385,3,1,0.99999408869019,2.96439387504748e-323
122.448979591837,0.584615384615385,3,1,0.999948204925936,2.96439387504748e-323
126.326530612245,0.584615384615385,3,1,0.999963746962927,4.94065645841247e-324
130.204081632653,0.584615384615385,3,1,0.999955975099435,9.88131291682493e-324
134.081632653061,0.584615384615385,3,1,0.999986279519165,9.88131291682493e-324
137.959183673469,0.584615384615385,3,1,0.999938794554502,9.88131291682493e-324
141.836734693878,0.584615384615385,3,1,0.999973198463729,9.88131291682493e-324
145.714285714286,0.584615384615385,3,1,0.99996397078972,9.88131291682493e-324
149.591836734694,0.584615384615385,3,1,0.999956067079818,9.88131291682493e-324
153.469387755102,0.584615384615385,3,1,0.999950669628639,1.48219693752374e-323
157.34693877551,0.584615384615385,3,1,0.999967035282595,1.48219693752374e-323
161.224489795918,0.584615384615385,3,1,0.999973365990627,1.48219693752374e-323
165.102040816327,0.584615384615385,3,1,0.999921526133129,1.48219693752374e-323
168.979591836735,0.584615384615385,3,1,0.999970855513461,1.48219693752374e-323
172.857142857143,0.584615384615385,3,1,0.999961835093113,1.48219693752374e-323
176.734693877551,0.584615384615385,3,1,0.999955183474342,1.48219693752374e-323
180.612244897959,0.584615384615385,3,1,0.999953872902503,1.48219693752374e-323
184.489795918367,0.584615384615385,3,1,0.999958644005203,1.48219693752374e-323
188.367346938776,0.584615384615385,3,1,0.999952121901612,1.48219693752374e-323
192.244897959184,0.584615384615385,3,1,0.999970392706185,1.97626258336499e-323
196.122448979592,0.584615384615385,3,1,0.99998690198662,1.97626258336499e-323
200,0.584615384615385,3,1,0.999965156757053,1.97626258336499e-323
10,0.607692307692308,3,1,0.999968534440025,1.97626258336499e-323
13.8775510204082,0.607692307692308,3,1,0.99998877277405,1.97626258336499e-323
17.7551020408163,0.607692307692308,3,1,0.99995612389849,1.97626258336499e-323
21.6326530612245,0.607692307692308,3,1,0.999950895780771,2.47032822920623e-323
25.5102040816327,0.607692307692308,3,1,0.999967757720961,2.47032822920623e-323
29.3877551020408,0.607692307692308,3,1,0.999976401562018,2.47032822920623e-323
33.265306122449,0.607692307692308,3,1,0.999964449724334,2.47032822920623e-323
37.1428571428571,0.607692307692308,3,1,0.999966194254581,2.47032822920623e-323
41.0204081632653,0.607692307692308,3,1,0.999982510830096,2.47032822920623e-323
44.8979591836735,0.607692307692308,3,1,0.999968289134519,2.47032822920623e-323
48.7755102040816,0.607692307692308,3,1,0.999960921271346,2.47032822920623e-323
52.6530612244898,0.607692307692308,3,1,0.999954752187731,2.47032822920623e-323
56.530612244898,0.607692307692308,3,1,0.999948736211043,2.47032822920623e-323
60.4081632653061,0.607692307692308,3,1,0.99993820462791,2.96439387504748e-323
64.2857142857143,0.607692307692308,3,1,0.999969894478634,2.96439387504748e-323
68.1632653061224,0.607692307692308,3,1,0.999960542882527,2.96439387504748e-323
72.0408163265306,0.607692307692308,3,1,0.999954779980626,2.96439387504748e-323
75.9183673469388,0.607692307692308,3,1,0.999948738313388,2.96439387504748e-323
79.7959183673469,0.607692307692308,3,1,0.999964570746862,2.96439387504748e-323
83.6734693877551,0.607692307692308,3,1,0.999966481451014,2.96439387504748e-323
87.5510204081633,0.607692307692308,3,1,0.999988340028027,4.94065645841247e-324
91.4285714285714,0.607692307692308,3,1,0.999956119308801,9.88131291682493e-324
95.3061224489796,0.607692307692308,3,1,0.999988557853103,9.88131291682493e-324
99.1836734693878,0.607692307692308,3,1,0.999941567547005,9.88131291682493e-324
103.061224489796,0.607692307692308,3,1,0.999973913104365,9.88131291682493e-324
106.938775510204,0.607692307692308,3,1,0.99996456725325,9.88131291682493e-324
110.816326530612,0.607692307692308,3,1,0.999956478506355,9.88131291682493e-324
114.69387755102,0.607692307692308,3,1,0.999951201934522,1.48219693752374e-323
118.571428571429,0.607692307692308,3,1,0.999968173884079,1.48219693752374e-323
122.448979591837,0.607692307692308,3,1,0.999977166272455,1.48219693752374e-323
126.326530612245,0.607692307692308,3,1,0.999929141501981,1.48219693752374e-323
130.204081632653,0.607692307692308,3,1,0.999971921455796,1.48219693752374e-323
134.081632653061,0.607692307692308,3,1,0.999963163827644,1.48219693752374e-323
137.959183673469,0.607692307692308,3,1,0.999955800191857,1.48219693752374e-323
141.836734693878,0.607692307692308,3,1,0.999950511109016,1.48219693752374e-323
145.714285714286,0.607692307692308,3,1,0.999960085471226,1.48219693752374e-323
149.591836734694,0.607692307692308,3,1,0.999890130937959,1.97626258336499e-323
153.469387755102,0.607692307692308,3,1,0.999972673162642,1.97626258336499e-323
157.34693877551,0.607692307692308,3,1,0.999998501079207,1.97626258336499e-323
161.224489795918,0.607692307692308,3,1,0.999969863214134,1.97626258336499e-323
165.102040816327,0.607692307692308,3,1,0.999976242834962,1.97626258336499e-323
168.979591836735,0.607692307692308,3,1,0.999927948834048,1.97626258336499e-323
172.857142857143,0.607692307692308,3,1,0.999971831268754,1.97626258336499e-323
176.734693877551,0.607692307692308,3,1,0.9999632593058,2.47032822920623e-323
180.612244897959,0.607692307692308,3,1,0.999955884182182,2.47032822920623e-323
184.489795918367,0.607692307692308,3,1,0.999950679574458,2.47032822920623e-323
188.367346938776,0.607692307692308,3,1,0.999967505521564,2.47032822920623e-323
192.244897959184,0.607692307692308,3,1,0.999976079911335,2.47032822920623e-323
196.122448979592,0.607692307692308,3,1,0.999968644056345,2.47032822920623e-323
200,0.607692307692308,3,1,0.999970350872446,2.47032822920623e-323
10,0.630769230769231,3,1,0.999961337482151,2.47032822920623e-323
13.8775510204082,0.630769230769231,3,1,0.99995507614543,2.47032822920623e-323
17.7551020408163,0.630769230769231,3,1,0.999949398020408,2.47032822920623e-323
21.6326530612245,0.630769230769231,3,1,0.999953404670441,2.96439387504748e-323
25.5102040816327,0.630769230769231,3,1,0.999972993867039,2.96439387504748e-323
29.3877551020408,0.630769230769231,3,1,0.99996424472059,2.96439387504748e-323
33.265306122449,0.630769230769231,3,1,0.999956472714657,2.96439387504748e-323
37.1428571428571,0.630769230769231,3,1,0.999951388815149,2.96439387504748e-323
41.0204081632653,0.630769230769231,3,1,0.99996889792523,2.96439387504748e-323
44.8979591836735,0.630769230769231,3,1,0.999980753465402,2.96439387504748e-323
48.7755102040816,0.630769230769231,3,1,0.99991962133857,4.94065645841247e-324
52.6530612244898,0.630769230769231,3,1,0.999969892344818,9.88131291682493e-324
56.530612244898,0.630769230769231,3,1,0.999951066432674,9.88131291682493e-324
60.4081632653061,0.630769230769231,3,1,0.999944299948794,9.88131291682493e-324
64.2857142857143,0.630769230769231,3,1,0.999974460840892,9.88131291682493e-324
68.1632653061224,0.630769230769231,3,1,0.999964976256625,9.88131291682493e-324
72.0408163265306,0.630769230769231,3,1,0.999956804492005,9.88131291682493e-324
75.9183673469388,0.630769230769231,3,1,0.999951565285263,1.48219693752374e-323
79.7959183673469,0.630769230769231,3,1,0.999968992297462,1.48219693752374e-323
83.6734693877551,0.630769230769231,3,1,0.999980245577246,1.48219693752374e-323
87.5510204081633,0.630769230769231,3,1,0.999934274192811,1.48219693752374e-323
91.4285714285714,0.630769230769231,3,1,0.999972837442465,1.48219693752374e-323
95.3061224489796,0.630769230769231,3,1,0.99996406299203,1.48219693752374e-323
99.1836734693878,0.630769230769231,3,1,0.999956329900824,1.48219693752374e-323
103.061224489796,0.630769230769231,3,1,0.999951211291404,1.48219693752374e-323
106.938775510204,0.630769230769231,3,1,0.999968502768756,1.48219693752374e-323
110.816326530612,0.630769230769231,3,1,0.999900920922644,1.97626258336499e-323
114.69387755102,0.630769230769231,3,1,0.999974622736908,1.97626258336499e-323
118.571428571429,0.630769230769231,3,1,0.999959130316019,1.97626258336499e-323
122.448979591837,0.630769230769231,3,1,0.999971710011752,1.97626258336499e-323
126.326530612245,0.630769230769231,3,1,0.999983415260467,1.97626258336499e-323
130.204081632653,0.630769230769231,3,1,0.999938645813024,1.97626258336499e-323
134.081632653061,0.630769230769231,3,1,0.999973818133971,1.97626258336499e-323
137.959183673469,0.630769230769231,3,1,0.999964888872511,2.47032822920623e-323
141.836734693878,0.630769230769231,3,1,0.999956991514498,2.47032822920623e-323
145.714285714286,0.630769230769231,3,1,0.999951900255896,2.47032822920623e-323
149.591836734694,0.630769230769231,3,1,0.999970051135298,2.47032822920623e-323
153.469387755102,0.630769230769231,3,1,0.999985666158684,2.47032822920623e-323
157.34693877551,0.630769230769231,3,1,0.999931268481101,2.47032822920623e-323
161.224489795918,0.630769230769231,3,1,0.999972426295167,2.47032822920623e-323
165.102040816327,0.630769230769231,3,1,0.999963802967309,2.47032822920623e-323
168.979591836735,0.630769230769231,3,1,0.999956227249046,2.47032822920623e-323
172.857142857143,0.630769230769231,3,1,0.999951153022791,2.47032822920623e-323
176.734693877551,0.630769230769231,3,1,0.999968495960516,2.96439387504748e-323
180.612244897959,0.630769230769231,3,1,0.999976682460117,2.96439387504748e-323
184.489795918367,0.630769230769231,3,1,0.99996643913343,2.96439387504748e-323
188.367346938776,0.630769230769231,3,1,0.999958440815291,2.96439387504748e-323
192.244897959184,0.630769230769231,3,1,0.999952885517155,2.96439387504748e-323
196.122448979592,0.630769230769231,3,1,0.999972467332731,2.96439387504748e-323
200,0.630769230769231,3,1,0.999997012870303,2.96439387504748e-323
10,0.653846153846154,3,1,0.999959829460947,4.94065645841247e-324
13.8775510204082,0.653846153846154,3,1,0.999970495335979,9.88131291682493e-324
17.7551020408163,0.653846153846154,3,1,0.999960540539003,9.88131291682493e-324
21.6326530612245,0.653846153846154,3,1,0.999968230946348,9.88131291682493e-324
25.5102040816327,0.653846153846154,3,1,0.999975513502953,9.88131291682493e-324
29.3877551020408,0.653846153846154,3,1,0.999965258840957,9.88131291682493e-324
33.265306122449,0.653846153846154,3,1,0.999957056333921,9.88131291682493e-324
37.1428571428571,0.653846153846154,3,1,0.999951818028907,1.48219693752374e-323
41.0204081632653,0.653846153846154,3,1,0.99996959095543,1.48219693752374e-323
44.8979591836735,0.653846153846154,3,1,0.999982720901308,1.48219693752374e-323
48.7755102040816,0.653846153846154,3,1,0.999937843607235,1.48219693752374e-323
52.6530612244898,0.653846153846154,3,1,0.999973609058396,1.48219693752374e-323
56.530612244898,0.653846153846154,3,1,0.99996469574531,1.48219693752374e-323
60.4081632653061,0.653846153846154,3,1,0.999956782224333,1.48219693752374e-323
64.2857142857143,0.653846153846154,3,1,0.999951697957056,1.48219693752374e-323
68.1632653061224,0.653846153846154,3,1,0.99996956388933,1.48219693752374e-323
72.0408163265306,0.653846153846154,3,1,0.99995465737104,1.48219693752374e-323
75.9183673469388,0.653846153846154,3,1,0.99995051181404,1.97626258336499e-323
79.7959183673469,0.653846153846154,3,1,0.999962146156005,1.97626258336499e-323
83.6734693877551,0.653846153846154,3,1,0.999973235622815,1.97626258336499e-323
87.5510204081633,0.653846153846154,3,1,0.999989351209403,1.97626258336499e-323
91.4285714285714,0.653846153846154,3,1,0.99994581026326,1.97626258336499e-323
95.3061224489796,0.653846153846154,3,1,0.999975802723953,1.97626258336499e-323
99.1836734693878,0.653846153846154,3,1,0.999966059578499,2.47032822920623e-323
103.061224489796,0.653846153846154,3,1,0.999958109386306,2.47032822920623e-323
106.938775510204,0.653846153846154,3,1,0.999952717240533,2.47032822920623e-323
110.816326530612,0.653846153846154,3,1,0.999972087515581,2.47032822920623e-323
114.69387755102,0.653846153846154,3,1,0.999995570637959,2.47032822920623e-323
118.571428571429,0.653846153846154,3,1,0.999941502650204,2.47032822920623e-323
122.448979591837,0.653846153846154,3,1,0.999974601986685,2.47032822920623e-323
126.326530612245,0.653846153846154,3,1,0.999965409906399,2.47032822920623e-323
130.204081632653,0.653846153846154,3,1,0.99995741539274,2.47032822920623e-323
134.081632653061,0.653846153846154,3,1,0.999952263102354,2.47032822920623e-323
137.959183673469,0.653846153846154,3,1,0.999970931471709,2.96439387504748e-323
141.836734693878,0.653846153846154,3,1,0.999989726649509,2.96439387504748e-323
145.714285714286,0.653846153846154,3,1,0.999968000225983,2.96439387504748e-323
149.591836734694,0.653846153846154,3,1,0.99996072987222,2.96439387504748e-323
153.469387755102,0.653846153846154,3,1,0.999953889959699,2.96439387504748e-323
157.34693877551,0.653846153846154,3,1,0.999975826255304,2.96439387504748e-323
161.224489795918,0.653846153846154,3,1,0.999961119955781,2.96439387504748e-323
165.102040816327,0.653846153846154,3,1,0.999957255281471,4.94065645841247e-324
168.979591836735,0.653846153846154,3,1,0.999956972725137,9.88131291682493e-324
172.857142857143,0.653846153846154,3,1,0.999961151876468,9.88131291682493e-324
176.734693877551,0.653846153846154,3,1,0.999955589571983,9.88131291682493e-324
180.612244897959,0.653846153846154,3,1,0.999978192933342,9.88131291682493e-324
184.489795918367,0.653846153846154,3,1,0.999965835512894,9.88131291682493e-324
188.367346938776,0.653846153846154,3,1,0.999957245663944,9.88131291682493e-324
192.244897959184,0.653846153846154,3,1,0.999951995200297,1.48219693752374e-323
196.122448979592,0.653846153846154,3,1,0.999970030620345,1.48219693752374e-323
200,0.653846153846154,3,1,0.999984678108244,1.48219693752374e-323
10,0.676923076923077,3,1,0.999940373783383,1.48219693752374e-323
13.8775510204082,0.676923076923077,3,1,0.999974244238324,1.48219693752374e-323
17.7551020408163,0.676923076923077,3,1,0.999965152215043,1.48219693752374e-323
21.6326530612245,0.676923076923077,3,1,0.999957162219627,1.48219693752374e-323
25.5102040816327,0.676923076923077,3,1,0.999952046804424,1.48219693752374e-323
29.3877551020408,0.676923076923077,3,1,0.999970379942127,1.48219693752374e-323
33.265306122449,0.676923076923077,3,1,0.999954947036517,1.48219693752374e-323
37.1428571428571,0.676923076923077,3,1,0.999951065451021,1.97626258336499e-323
41.0204081632653,0.676923076923077,3,1,0.999963997227407,1.97626258336499e-323
44.8979591836735,0.676923076923077,3,1,0.999974544403986,1.97626258336499e-323
48.7755102040816,0.676923076923077,3,1,0.999941232160194,1.97626258336499e-323
52.6530612244898,0.676923076923077,3,1,0.999950832833627,1.97626258336499e-323
56.530612244898,0.676923076923077,3,1,0.999977710986465,1.97626258336499e-323
60.4081632653061,0.676923076923077,3,1,0.999966920590214,2.47032822920623e-323
64.2857142857143,0.676923076923077,3,1,0.999959159579101,2.47032822920623e-323
68.1632653061224,0.676923076923077,3,1,0.999953303865328,2.47032822920623e-323
72.0408163265306,0.676923076923077,3,1,0.999973860128499,2.47032822920623e-323
75.9183673469388,0.676923076923077,3,1,0.999993728044425,2.47032822920623e-323
79.7959183673469,0.676923076923077,3,1,0.999970346602575,2.47032822920623e-323
83.6734693877551,0.676923076923077,3,1,0.999976826673683,2.47032822920623e-323
87.5510204081633,0.676923076923077,3,1,0.999966550651972,2.47032822920623e-323
91.4285714285714,0.676923076923077,3,1,0.999958639474126,2.47032822920623e-323
95.3061224489796,0.676923076923077,3,1,0.999953028000009,2.47032822920623e-323
99.1836734693878,0.676923076923077,3,1,0.999972987999304,2.96439387504748e-323
103.061224489796,0.676923076923077,3,1,1.00000045953685,2.96439387504748e-323
106.938775510204,0.676923076923077,3,1,0.99996929567489,2.96439387504748e-323
110.816326530612,0.676923076923077,3,1,0.999959844835048,2.96439387504748e-323
114.69387755102,0.676923076923077,3,1,0.999954681716545,2.96439387504748e-323
118.571428571429,0.676923076923077,3,1,0.999948781321003,2.96439387504748e-323
122.448979591837,0.676923076923077,3,1,0.99996446790299,2.96439387504748e-323
126.326530612245,0.676923076923077,3,1,1.00000111590068,4.94065645841247e-324
130.204081632653,0.676923076923077,3,1,0.999954754317077,9.88131291682493e-324
134.081632653061,0.676923076923077,3,1,0.999980096461476,9.88131291682493e-324
137.959183673469,0.676923076923077,3,1,0.999933177674938,9.88131291682493e-324
141.836734693878,0.676923076923077,3,1,0.999950170240945,9.88131291682493e-324
145.714285714286,0.676923076923077,3,1,0.999932498110734,9.88131291682493e-324
149.591836734694,0.676923076923077,3,1,0.99995768784815,9.88131291682493e-324
153.469387755102,0.676923076923077,3,1,0.999952119233561,1.48219693752374e-323
157.34693877551,0.676923076923077,3,1,0.999970351826302,1.48219693752374e-323
161.224489795918,0.676923076923077,3,1,0.999986194690385,1.48219693752374e-323
165.102040816327,0.676923076923077,3,1,0.999942185350303,1.48219693752374e-323
168.979591836735,0.676923076923077,3,1,0.999974755185324,1.48219693752374e-323
172.857142857143,0.676923076923077,3,1,0.999965486241121,1.48219693752374e-323
176.734693877551,0.676923076923077,3,1,0.999957475306752,1.48219693752374e-323
180.612244897959,0.676923076923077,3,1,0.999952301883363,1.48219693752374e-323
184.489795918367,0.676923076923077,3,1,0.999971016980826,1.48219693752374e-323
188.367346938776,0.676923076923077,3,1,0.999955201918373,1.48219693752374e-323
192.244897959184,0.676923076923077,3,1,0.999960225789774,1.97626258336499e-323
196.122448979592,0.676923076923077,3,1,0.999953746218051,1.97626258336499e-323
200,0.676923076923077,3,1,0.999975684220486,1.97626258336499e-323
10,0.7,3,1,0.999945811825792,1.97626258336499e-323
13.8775510204082,0.7,3,1,0.999954457921105,1.97626258336499e-323
17.7551020408163,0.7,3,1,0.99997946944885,1.97626258336499e-323
21.6326530612245,0.7,3,1,0.999967583801346,2.47032822920623e-323
25.5102040816327,0.7,3,1,0.999960175828286,2.47032822920623e-323
29.3877551020408,0.7,3,1,0.999953748276706,2.47032822920623e-323
33.265306122449,0.7,3,1,0.999954947484182,2.47032822920623e-323
37.1428571428571,0.7,3,1,0.999998534570874,2.47032822920623e-323
41.0204081632653,0.7,3,1,0.999983177798914,2.47032822920623e-323
44.8979591836735,0.7,3,1,0.999979005638565,2.47032822920623e-323
48.7755102040816,0.7,3,1,0.999967416320074,2.47032822920623e-323
52.6530612244898,0.7,3,1,0.999959858610907,2.47032822920623e-323
56.530612244898,0.7,3,1,0.999953593652935,2.47032822920623e-323
60.4081632653061,0.7,3,1,0.999974852552362,2.96439387504748e-323
64.2857142857143,0.7,3,1,0.999959636411286,2.96439387504748e-323
68.1632653061224,0.7,3,1,0.999959560272084,2.96439387504748e-323
72.0408163265306,0.7,3,1,0.999983079745139,2.96439387504748e-323
75.9183673469388,0.7,3,1,0.999968736955995,2.96439387504748e-323
79.7959183673469,0.7,3,1,0.999950131175635,2.96439387504748e-323
83.6734693877551,0.7,3,1,0.999966833542422,2.96439387504748e-323
87.5510204081633,0.7,3,1,0.999998941375181,4.94065645841247e-324
91.4285714285714,0.7,3,1,0.99995336585626,9.88131291682493e-324
95.3061224489796,0.7,3,1,0.999953682206872,9.88131291682493e-324
99.1836734693878,0.7,3,1,0.999951763745662,9.88131291682493e-324
103.061224489796,0.7,3,1,0.999951781354355,9.88131291682493e-324
106.938775510204,0.7,3,1,0.999993094124341,9.88131291682493e-324
110.816326530612,0.7,3,1,0.999973115501636,9.88131291682493e-324
114.69387755102,0.7,3,1,0.999952416258821,1.48219693752374e-323
118.571428571429,0.7,3,1,0.999970586070521,1.48219693752374e-323
122.448979591837,0.7,3,1,0.999987343618271,1.48219693752374e-323
126.326530612245,0.7,3,1,0.999943485646525,1.48219693752374e-323
130.204081632653,0.7,3,1,0.999975157002351,1.48219693752374e-323
134.081632653061,0.7,3,1,0.999965732169584,1.48219693752374e-323
137.959183673469,0.7,3,1,0.999957728149432,1.48219693752374e-323
141.836734693878,0.7,3,1,0.999952490559201,1.48219693752374e-323
145.714285714286,0.7,3,1,0.999971516338857,1.48219693752374e-323
149.591836734694,0.7,3,1,0.999955439861077,1.48219693752374e-323
153.469387755102,0.7,3,1,0.999960826758984,1.97626258336499e-323
157.34693877551,0.7,3,1,0.999953980412575,1.97626258336499e-323
161.224489795918,0.7,3,1,0.999976686758001,1.97626258336499e-323
165.102040816327,0.7,3,1,0.999949153686023,1.97626258336499e-323
168.979591836735,0.7,3,1,0.999957111644302,1.97626258336499e-323
172.857142857143,0.7,3,1,0.999981024043449,1.97626258336499e-323
176.734693877551,0.7,3,1,0.999968108590388,2.47032822920623e-323
180.612244897959,0.7,3,1,0.999961106741842,2.47032822920623e-323
184.489795918367,0.7,3,1,0.999965609025269,2.47032822920623e-323
188.367346938776,0.7,3,1,0.999958466679925,2.47032822920623e-323
192.244897959184,0.7,3,1,1.00000300558862,2.47032822920623e-323
196.122448979592,0.7,3,1,0.999970906836665,2.47032822920623e-323
200,0.7,3,1,0.999981043620063,2.47032822920623e-323
10,0.723076923076923,3,1,0.999968102545628,2.47032822920623e-323
13.8775510204082,0.723076923076923,3,1,0.999961023743418,2.47032822920623e-323
17.7551020408163,0.723076923076923,3,1,0.999954034259061,2.47032822920623e-323
21.6326530612245,0.723076923076923,3,1,0.999976580010813,2.96439387504748e-323
25.5102040816327,0.723076923076923,3,1,0.999968093058,2.96439387504748e-323
29.3877551020408,0.723076923076923,3,1,0.999961194291954,2.96439387504748e-323
33.265306122449,0.723076923076923,3,1,0.999954145906446,2.96439387504748e-323
37.1428571428571,0.723076923076923,3,1,0.999947685253313,2.96439387504748e-323
41.0204081632653,0.723076923076923,3,1,0.999963474230209,2.96439387504748e-323
44.8979591836735,0.723076923076923,3,1,0.999965879280443,2.96439387504748e-323
48.7755102040816,0.723076923076923,3,1,0.999996999407512,4.94065645841247e-324
52.6530612244898,0.723076923076923,3,1,0.999952685531948,9.88131291682493e-324
56.530612244898,0.723076923076923,3,1,0.999962645388184,9.88131291682493e-324
60.4081632653061,0.723076923076923,3,1,0.999977176116183,9.88131291682493e-324
64.2857142857143,0.723076923076923,3,1,0.999952979867098,9.88131291682493e-324
68.1632653061224,0.723076923076923,3,1,0.999949977451547,9.88131291682493e-324
72.0408163265306,0.723076923076923,3,1,0.999973517077517,9.88131291682493e-324
75.9183673469388,0.723076923076923,3,1,0.999952920444637,1.48219693752374e-323
79.7959183673469,0.723076923076923,3,1,0.999971091630846,1.48219693752374e-323
83.6734693877551,0.723076923076923,3,1,0.999988382255028,1.48219693752374e-323
87.5510204081633,0.723076923076923,3,1,0.999944414611856,1.48219693752374e-323
91.4285714285714,0.723076923076923,3,1,0.999975465799852,1.48219693752374e-323
95.3061224489796,0.723076923076923,3,1,0.999965913115487,1.48219693752374e-323
99.1836734693878,0.723076923076923,3,1,0.999957928245513,1.48219693752374e-323
103.061224489796,0.723076923076923,3,1,0.99995263078572,1.48219693752374e-323
106.938775510204,0.723076923076923,3,1,0.999961776326503,1.48219693752374e-323
110.816326530612,0.723076923076923,3,1,0.999955678899944,1.48219693752374e-323
114.69387755102,0.723076923076923,3,1,0.99995771414341,1.97626258336499e-323
118.571428571429,0.723076923076923,3,1,0.999954172372254,1.97626258336499e-323
122.448979591837,0.723076923076923,3,1,0.999947885310035,1.97626258336499e-323
126.326530612245,0.723076923076923,3,1,0.999951664904325,1.97626258336499e-323
130.204081632653,0.723076923076923,3,1,0.999959057883114,1.97626258336499e-323
134.081632653061,0.723076923076923,3,1,0.999982348026889,1.97626258336499e-323
137.959183673469,0.723076923076923,3,1,0.999968529625118,2.47032822920623e-323
141.836734693878,0.723076923076923,3,1,0.9999584837576,2.47032822920623e-323
145.714285714286,0.723076923076923,3,1,0.999966066932005,2.47032822920623e-323
149.591836734694,0.723076923076923,3,1,0.999961056730928,2.47032822920623e-323
153.469387755102,0.723076923076923,3,1,0.999967076272409,2.47032822920623e-323
157.34693877551,0.723076923076923,3,1,0.999959565747042,2.47032822920623e-323
161.224489795918,0.723076923076923,3,1,0.999953552361432,2.47032822920623e-323
165.102040816327,0.723076923076923,3,1,0.999974958333449,2.47032822920623e-323
168.979591836735,0.723076923076923,3,1,0.999960264767433,2.47032822920623e-323
172.857142857143,0.723076923076923,3,1,0.999960920883552,2.47032822920623e-323
176.734693877551,0.723076923076923,3,1,0.99998420854291,2.96439387504748e-323
180.612244897959,0.723076923076923,3,1,0.999969150287373,2.96439387504748e-323
184.489795918367,0.723076923076923,3,1,0.999959897613358,2.96439387504748e-323
188.367346938776,0.723076923076923,3,1,0.999954792355224,2.96439387504748e-323
192.244897959184,0.723076923076923,3,1,0.999949203525798,2.96439387504748e-323
196.122448979592,0.723076923076923,3,1,0.999965469971752,2.96439387504748e-323
200,0.723076923076923,3,1,0.999971800157392,2.96439387504748e-323
10,0.746153846153846,3,1,0.999957622516199,4.94065645841247e-324
13.8775510204082,0.746153846153846,3,1,0.999954738877775,9.88131291682493e-324
17.7551020408163,0.746153846153846,3,1,0.99994335882951,9.88131291682493e-324
21.6326530612245,0.746153846153846,3,1,0.999959683361203,9.88131291682493e-324
25.5102040816327,0.746153846153846,3,1,0.999953049449089,9.88131291682493e-324
29.3877551020408,0.746153846153846,3,1,0.99996947961658,9.88131291682493e-324
33.265306122449,0.746153846153846,3,1,0.999969509240066,1.48219693752374e-323
37.1428571428571,0.746153846153846,3,1,0.999964334539168,1.48219693752374e-323
41.0204081632653,0.746153846153846,3,1,0.999971953168454,1.48219693752374e-323
44.8979591836735,0.746153846153846,3,1,0.999989705414671,1.48219693752374e-323
48.7755102040816,0.746153846153846,3,1,0.999945314437382,1.48219693752374e-323
52.6530612244898,0.746153846153846,3,1,0.999975692096277,1.48219693752374e-323
56.530612244898,0.746153846153846,3,1,0.999966045295293,1.48219693752374e-323
60.4081632653061,0.746153846153846,3,1,0.999958083271131,1.48219693752374e-323
64.2857142857143,0.746153846153846,3,1,0.999952734877865,1.48219693752374e-323
68.1632653061224,0.746153846153846,3,1,0.999962245092561,1.48219693752374e-323
72.0408163265306,0.746153846153846,3,1,0.999968494078078,1.48219693752374e-323
75.9183673469388,0.746153846153846,3,1,0.99995824696653,1.97626258336499e-323
79.7959183673469,0.746153846153846,3,1,0.999954362801844,1.97626258336499e-323
83.6734693877551,0.746153846153846,3,1,0.999948344672658,1.97626258336499e-323
87.5510204081633,0.746153846153846,3,1,0.999966784223006,1.97626258336499e-323
91.4285714285714,0.746153846153846,3,1,0.999960477923662,1.97626258336499e-323
95.3061224489796,0.746153846153846,3,1,0.999983444215354,1.97626258336499e-323
99.1836734693878,0.746153846153846,3,1,0.999972419444295,2.47032822920623e-323
103.061224489796,0.746153846153846,3,1,0.999998802165476,2.47032822920623e-323
106.938775510204,0.746153846153846,3,1,0.999953837838769,2.47032822920623e-323
110.816326530612,0.746153846153846,3,1,0.999979784918172,2.47032822920623e-323
114.69387755102,0.746153846153846,3,1,0.999967854387905,2.47032822920623e-323
118.571428571429,0.746153846153846,3,1,0.99996082780856,2.47032822920623e-323
122.448979591837,0.746153846153846,3,1,0.999954040264206,2.47032822920623e-323
126.326530612245,0.746153846153846,3,1,0.999976876988952,2.47032822920623e-323
130.204081632653,0.746153846153846,3,1,0.999963143011614,2.47032822920623e-323
134.081632653061,0.746153846153846,3,1,0.999965441118603,2.47032822920623e-323
137.959183673469,0.746153846153846,3,1,0.999988036964359,2.96439387504748e-323
141.836734693878,0.746153846153846,3,1,0.999970171060866,2.96439387504748e-323
145.714285714286,0.746153846153846,3,1,0.99996165897014,2.96439387504748e-323
149.591836734694,0.746153846153846,3,1,0.999955410075127,2.96439387504748e-323
153.469387755102,0.746153846153846,3,1,0.999950325783044,2.96439387504748e-323
157.34693877551,0.746153846153846,3,1,0.999967425504278,2.96439387504748e-323
161.224489795918,0.746153846153846,3,1,0.999977509553389,2.96439387504748e-323
165.102040816327,0.746153846153846,3,1,0.999963855955933,4.94065645841247e-324
168.979591836735,0.746153846153846,3,1,0.99996042766069,9.88131291682493e-324
172.857142857143,0.746153846153846,3,1,0.999982520716222,9.88131291682493e-324
176.734693877551,0.746153846153846,3,1,0.999967245632349,9.88131291682493e-324
180.612244897959,0.746153846153846,3,1,0.999954072833567,9.88131291682493e-324
184.489795918367,0.746153846153846,3,1,0.999963237040557,9.88131291682493e-324
188.367346938776,0.746153846153846,3,1,0.999977385476254,9.88131291682493e-324
192.244897959184,0.746153846153846,3,1,0.999964642993688,1.48219693752374e-323
196.122448979592,0.746153846153846,3,1,0.999972648586534,1.48219693752374e-323
200,0.746153846153846,3,1,0.999991605379695,1.48219693752374e-323
10,0.769230769230769,3,1,0.999946275560814,1.48219693752374e-323
13.8775510204082,0.769230769230769,3,1,0.999975935545541,1.48219693752374e-323
17.7551020408163,0.769230769230769,3,1,0.999966128728897,1.48219693752374e-323
21.6326530612245,0.769230769230769,3,1,0.999958178987574,1.48219693752374e-323
25.5102040816327,0.769230769230769,3,1,0.999959658855908,1.48219693752374e-323
29.3877551020408,0.769230769230769,3,1,0.99996274390165,1.48219693752374e-323
33.265306122449,0.769230769230769,3,1,0.999968630408879,1.48219693752374e-323
37.1428571428571,0.769230769230769,3,1,0.999958689105872,1.97626258336499e-323
41.0204081632653,0.769230769230769,3,1,0.999954502166269,1.97626258336499e-323
44.8979591836735,0.769230769230769,3,1,0.999975821667075,1.97626258336499e-323
48.7755102040816,0.769230769230769,3,1,0.999966310943277,1.97626258336499e-323
52.6530612244898,0.769230769230769,3,1,0.999958593341834,1.97626258336499e-323
56.530612244898,0.769230769230769,3,1,0.999953120404253,1.97626258336499e-323
60.4081632653061,0.769230769230769,3,1,0.999973589303181,2.47032822920623e-323
64.2857142857143,0.769230769230769,3,1,0.999957455513383,2.47032822920623e-323
68.1632653061224,0.769230769230769,3,1,0.999957577486275,2.47032822920623e-323
72.0408163265306,0.769230769230769,3,1,0.999981993255349,2.47032822920623e-323
75.9183673469388,0.769230769230769,3,1,0.999968554685773,2.47032822920623e-323
79.7959183673469,0.769230769230769,3,1,0.999958724661557,2.47032822920623e-323
83.6734693877551,0.769230769230769,3,1,0.999954475035088,2.47032822920623e-323
87.5510204081633,0.769230769230769,3,1,0.999948554664913,2.47032822920623e-323
91.4285714285714,0.769230769230769,3,1,0.999964466232659,2.47032822920623e-323
95.3061224489796,0.769230769230769,3,1,0.999969471322233,2.47032822920623e-323
99.1836734693878,0.769230769230769,3,1,0.99991893738308,2.96439387504748e-323
103.061224489796,0.769230769230769,3,1,0.999971199164073,2.96439387504748e-323
106.938775510204,0.769230769230769,3,1,0.999963016114515,2.96439387504748e-323
110.816326530612,0.769230769230769,3,1,0.999956030022258,2.96439387504748e-323
114.69387755102,0.769230769230769,3,1,0.999951183337878,2.96439387504748e-323
118.571428571429,0.769230769230769,3,1,0.999969042522682,2.96439387504748e-323
122.448979591837,0.769230769230769,3,1,0.999983344245934,2.96439387504748e-323
126.326530612245,0.769230769230769,3,1,0.999967482083706,4.94065645841247e-324
130.204081632653,0.769230769230769,3,1,0.999967947209061,9.88131291682493e-324
134.081632653061,0.769230769230769,3,1,0.999986560578282,9.88131291682493e-324
137.959183673469,0.769230769230769,3,1,0.999969414705257,9.88131291682493e-324
141.836734693878,0.769230769230769,3,1,0.999921682358043,9.88131291682493e-324
145.714285714286,0.769230769230769,3,1,0.999948140029361,9.88131291682493e-324
149.591836734694,0.769230769230769,3,1,0.999986226236517,1.48219693752374e-323
153.469387755102,0.769230769230769,3,1,0.999967937249225,1.48219693752374e-323
157.34693877551,0.769230769230769,3,1,0.999970926582452,1.48219693752374e-323
161.224489795918,0.769230769230769,3,1,1.00000185003555,1.48219693752374e-323
165.102040816327,0.769230769230769,3,1,0.999947931940373,1.48219693752374e-323
168.979591836735,0.769230769230769,3,1,0.999976182965367,1.48219693752374e-323
172.857142857143,0.769230769230769,3,1,0.99996622414654,1.48219693752374e-323
176.734693877551,0.769230769230769,3,1,0.999958254397271,1.48219693752374e-323
180.612244897959,0.769230769230769,3,1,0.999952839783731,1.48219693752374e-323
184.489795918367,0.769230769230769,3,1,0.999972566134391,1.48219693752374e-323
188.367346938776,0.769230769230769,3,1,0.999968745702586,1.48219693752374e-323
192.244897959184,0.769230769230769,3,1,0.999989431288087,1.97626258336499e-323
196.122448979592,0.769230769230769,3,1,0.999947314897465,1.97626258336499e-323
200,0.769230769230769,3,1,0.999976980472033,1.97626258336499e-323
10,0.792307692307692,3,1,0.999966843510439,1.97626258336499e-323
13.8775510204082,0.792307692307692,3,1,0.999959294625615,1.97626258336499e-323
17.7551020408163,0.792307692307692,3,1,0.999953460810022,1.97626258336499e-323
21.6326530612245,0.792307692307692,3,1,0.999974724784274,2.47032822920623e-323
25.5102040816327,0.792307692307692,3,1,0.999959991298854,2.47032822920623e-323
29.3877551020408,0.792307692307692,3,1,0.999960769283022,2.47032822920623e-323
33.265306122449,0.792307692307692,3,1,0.999984256915873,2.47032822920623e-323
37.1428571428571,0.792307692307692,3,1,0.999969207546014,2.47032822920623e-323
41.0204081632653,0.792307692307692,3,1,0.999960090924614,2.47032822920623e-323
44.8979591836735,0.792307692307692,3,1,0.999954877875914,2.47032822920623e-323
48.7755102040816,0.792307692307692,3,1,0.999949425252328,2.47032822920623e-323
52.6530612244898,0.792307692307692,3,1,0.999965925678101,2.47032822920623e-323
56.530612244898,0.792307692307692,3,1,0.999973233796486,2.47032822920623e-323
60.4081632653061,0.792307692307692,3,1,0.999926873883113,2.96439387504748e-323
64.2857142857143,0.792307692307692,3,1,0.999972256853792,2.96439387504748e-323
68.1632653061224,0.792307692307692,3,1,0.99996409278096,2.96439387504748e-323
72.0408163265306,0.792307692307692,3,1,0.999956668322911,2.96439387504748e-323
75.9183673469388,0.792307692307692,3,1,0.999951858718368,2.96439387504748e-323
79.7959183673469,0.792307692307692,3,1,0.999970454823171,2.96439387504748e-323
83.6734693877551,0.792307692307692,3,1,0.99998948152176,2.96439387504748e-323
87.5510204081633,0.792307692307692,3,1,0.999955526294632,4.94065645841247e-324
91.4285714285714,0.792307692307692,3,1,0.999977286700557,9.88131291682493e-324
95.3061224489796,0.792307692307692,3,1,0.999919893710878,9.88131291682493e-324
99.1836734693878,0.792307692307692,3,1,0.999970565125019,9.88131291682493e-324
103.061224489796,0.792307692307692,3,1,0.999953217423326,9.88131291682493e-324
106.938775510204,0.792307692307692,3,1,0.999958454297478,9.88131291682493e-324
110.816326530612,0.792307692307692,3,1,0.999932224560549,9.88131291682493e-324
114.69387755102,0.792307692307692,3,1,0.999972986042404,1.48219693752374e-323
118.571428571429,0.792307692307692,3,1,0.999979445319572,1.48219693752374e-323
122.448979591837,0.792307692307692,3,1,0.999954054334691,1.48219693752374e-323
126.326530612245,0.792307692307692,3,1,0.999972091782804,1.48219693752374e-323
130.204081632653,0.792307692307692,3,1,0.999980100492308,1.48219693752374e-323
134.081632653061,0.792307692307692,3,1,0.999967181429674,1.48219693752374e-323
137.959183673469,0.792307692307692,3,1,0.99995886157685,1.48219693752374e-323
141.836734693878,0.792307692307692,3,1,0.999952878940516,1.48219693752374e-323
145.714285714286,0.792307692307692,3,1,0.999952666470719,1.48219693752374e-323
149.591836734694,0.792307692307692,3,1,0.999971629927496,1.48219693752374e-323
153.469387755102,0.792307692307692,3,1,0.999992938534988,1.97626258336499e-323
157.34693877551,0.792307692307692,3,1,0.999950169150184,1.97626258336499e-323
161.224489795918,0.792307692307692,3,1,0.999978147618939,1.97626258336499e-323
165.102040816327,0.792307692307692,3,1,0.999967316269455,1.97626258336499e-323
168.979591836735,0.792307692307692,3,1,0.999960003956218,1.97626258336499e-323
172.857142857143,0.792307692307692,3,1,0.999953760539661,1.97626258336499e-323
176.734693877551,0.792307692307692,3,1,0.999975842544512,2.47032822920623e-323
180.612244897959,0.792307692307692,3,1,0.999961900262395,2.47032822920623e-323
184.489795918367,0.792307692307692,3,1,0.999963570233556,2.47032822920623e-323
188.367346938776,0.792307692307692,3,1,0.999986553784884,2.47032822920623e-323
192.244897959184,0.792307692307692,3,1,0.999969832092995,2.47032822920623e-323
196.122448979592,0.792307692307692,3,1,0.99996120328469,2.47032822920623e-323
200,0.792307692307692,3,1,0.999955262095392,2.47032822920623e-323
10,0.815384615384615,3,1,0.999950129353128,2.47032822920623e-323
13.8775510204082,0.815384615384615,3,1,0.999967150991027,2.47032822920623e-323
17.7551020408163,0.815384615384615,3,1,0.999976867019115,2.47032822920623e-323
21.6326530612245,0.815384615384615,3,1,0.999933237053112,2.96439387504748e-323
25.5102040816327,0.815384615384615,3,1,0.999973353403324,2.96439387504748e-323
29.3877551020408,0.815384615384615,3,1,0.999964970636495,2.96439387504748e-323
33.265306122449,0.815384615384615,3,1,0.999957332112168,2.96439387504748e-323
37.1428571428571,0.815384615384615,3,1,0.999952405952368,2.96439387504748e-323
41.0204081632653,0.815384615384615,3,1,0.999971747936433,2.96439387504748e-323
44.8979591836735,0.815384615384615,3,1,0.999995997950918,2.96439387504748e-323
48.7755102040816,0.815384615384615,3,1,0.999957912656454,4.94065645841247e-324
52.6530612244898,0.815384615384615,3,1,0.999989895245027,9.88131291682493e-324
56.530612244898,0.815384615384615,3,1,0.999934927276768,9.88131291682493e-324
60.4081632653061,0.815384615384615,3,1,0.999971980305772,9.88131291682493e-324
64.2857142857143,0.815384615384615,3,1,0.999963212564619,9.88131291682493e-324
68.1632653061224,0.815384615384615,3,1,0.999975430900629,9.88131291682493e-324
72.0408163265306,0.815384615384615,3,1,0.99995479911378,9.88131291682493e-324
75.9183673469388,0.815384615384615,3,1,0.999973625090502,1.48219693752374e-323
79.7959183673469,0.815384615384615,3,1,0.999965324534705,1.48219693752374e-323
83.6734693877551,0.815384615384615,3,1,0.99996887746565,1.48219693752374e-323
87.5510204081633,0.815384615384615,3,1,0.999948831205455,1.48219693752374e-323
91.4285714285714,0.815384615384615,3,1,0.99995902043522,1.48219693752374e-323
95.3061224489796,0.815384615384615,3,1,0.999969260079506,1.48219693752374e-323
99.1836734693878,0.815384615384615,3,1,0.999957840283691,1.48219693752374e-323
103.061224489796,0.815384615384615,3,1,0.999953867101434,1.48219693752374e-323
106.938775510204,0.815384615384615,3,1,0.999974895813628,1.48219693752374e-323
110.816326530612,0.815384615384615,3,1,0.999956898056112,1.48219693752374e-323
114.69387755102,0.815384615384615,3,1,1.00000075053941,1.97626258336499e-323
118.571428571429,0.815384615384615,3,1,0.999952773168529,1.97626258336499e-323
122.448979591837,0.815384615384615,3,1,0.999979320183243,1.97626258336499e-323
126.326530612245,0.815384615384615,3,1,0.999967744553122,1.97626258336499e-323
130.204081632653,0.815384615384615,3,1,0.999960718799827,1.97626258336499e-323
134.081632653061,0.815384615384615,3,1,0.999954030207967,1.97626258336499e-323
137.959183673469,0.815384615384615,3,1,0.999976952386501,2.47032822920623e-323
141.836734693878,0.815384615384615,3,1,0.999963366660562,2.47032822920623e-323
145.714285714286,0.815384615384615,3,1,0.999966089259807,2.47032822920623e-323
149.591836734694,0.815384615384615,3,1,0.999988864953416,2.47032822920623e-323
153.469387755102,0.815384615384615,3,1,0.999970440289304,2.47032822920623e-323
157.34693877551,0.815384615384615,3,1,0.999962124453032,2.47032822920623e-323
161.224489795918,0.815384615384615,3,1,0.999955635973575,2.47032822920623e-323
165.102040816327,0.815384615384615,3,1,0.999950708920451,2.47032822920623e-323
168.979591836735,0.815384615384615,3,1,0.999968207651818,2.47032822920623e-323
172.857142857143,0.815384615384615,3,1,0.99998045547633,2.47032822920623e-323
176.734693877551,0.815384615384615,3,1,0.999938435404731,2.96439387504748e-323
180.612244897959,0.815384615384615,3,1,0.999974490336802,2.96439387504748e-323
184.489795918367,0.815384615384615,3,1,0.999965705228491,2.96439387504748e-323
188.367346938776,0.815384615384615,3,1,0.999958023103788,2.96439387504748e-323
192.244897959184,0.815384615384615,3,1,0.999952861547669,2.96439387504748e-323
196.122448979592,0.815384615384615,3,1,0.999972976630543,2.96439387504748e-323
200,0.815384615384615,3,1,1.00000290615993,2.96439387504748e-323
10,0.838461538461538,3,0.99992893127335,1,4.94065645841247e-324
13.8775510204082,0.838461538461538,3,1,0.999953748208959,9.88131291682493e-324
17.7551020408163,0.838461538461538,3,1,0.999947320705471,9.88131291682493e-324
21.6326530612245,0.838461538461538,3,1,0.999974167383624,9.88131291682493e-324
25.5102040816327,0.838461538461538,3,1,0.999964550954033,9.88131291682493e-324
29.3877551020408,0.838461538461538,3,1,0.999956645224252,9.88131291682493e-324
33.265306122449,0.838461538461538,3,1,0.999951544982052,9.88131291682493e-324
37.1428571428571,0.838461538461538,3,1,0.99997507848324,1.48219693752374e-323
41.0204081632653,0.838461538461538,3,1,0.999965569019185,1.48219693752374e-323
44.8979591836735,0.838461538461538,3,1,0.999947843316014,1.48219693752374e-323
48.7755102040816,0.838461538461538,3,1,0.999952034022487,1.48219693752374e-323
52.6530612244898,0.838461538461538,3,1,0.999966901688048,1.48219693752374e-323
56.530612244898,0.838461538461538,3,1,0.999971506022939,1.48219693752374e-323
60.4081632653061,0.838461538461538,3,1,0.999962459529823,1.48219693752374e-323
64.2857142857143,0.838461538461538,3,1,0.999954904033979,1.48219693752374e-323
68.1632653061224,0.838461538461538,3,1,0.999948524291119,1.48219693752374e-323
72.0408163265306,0.838461538461538,3,1,0.999963595051544,1.48219693752374e-323
75.9183673469388,0.838461538461538,3,1,0.999963591919686,1.97626258336499e-323
79.7959183673469,0.838461538461538,3,1,0.999959501293824,1.97626258336499e-323
83.6734693877551,0.838461538461538,3,1,0.999981821429994,1.97626258336499e-323
87.5510204081633,0.838461538461538,3,1,0.999968275566992,1.97626258336499e-323
91.4285714285714,0.838461538461538,3,1,0.999957967566672,1.97626258336499e-323
95.3061224489796,0.838461538461538,3,1,0.999954277403712,1.97626258336499e-323
99.1836734693878,0.838461538461538,3,1,0.999948146826914,2.47032822920623e-323
103.061224489796,0.838461538461538,3,1,0.999964513802568,2.47032822920623e-323
106.938775510204,0.838461538461538,3,1,0.999968403049724,2.47032822920623e-323
110.816326530612,0.838461538461538,3,1,0.999969288813477,2.47032822920623e-323
114.69387755102,0.838461538461538,3,1,0.999971039499655,2.47032822920623e-323
118.571428571429,0.838461538461538,3,1,0.999962899076454,2.47032822920623e-323
122.448979591837,0.838461538461538,3,1,0.999956004554248,2.47032822920623e-323
126.326530612245,0.838461538461538,3,1,0.999951193609359,2.47032822920623e-323
130.204081632653,0.838461538461538,3,1,0.999969141434382,2.47032822920623e-323
134.081632653061,0.838461538461538,3,1,0.999984048429283,2.47032822920623e-323
137.959183673469,0.838461538461538,3,1,0.999942754930449,2.96439387504748e-323
141.836734693878,0.838461538461538,3,1,0.999975664708637,2.96439387504748e-323
145.714285714286,0.838461538461538,3,1,0.999966335218563,2.96439387504748e-323
149.591836734694,0.838461538461538,3,1,0.999958739831163,2.96439387504748e-323
153.469387755102,0.838461538461538,3,1,0.999953250773081,2.96439387504748e-323
157.34693877551,0.838461538461538,3,1,0.999974175533296,2.96439387504748e-323
161.224489795918,0.838461538461538,3,1,0.9999591911678,2.96439387504748e-323
165.102040816327,0.838461538461538,3,0.999964999777908,1,9.88131291682493e-324
168.979591836735,0.838461538461538,3,0.999960490056916,1,9.88131291682493e-324
172.857142857143,0.838461538461538,3,1,0.999957387188743,9.88131291682493e-324
176.734693877551,0.838461538461538,3,1,0.999977329153322,9.88131291682493e-324
180.612244897959,0.838461538461538,3,1,0.999965899177362,9.88131291682493e-324
184.489795918367,0.838461538461538,3,1,0.999957558304642,9.88131291682493e-324
188.367346938776,0.838461538461538,3,1,0.999952294165355,9.88131291682493e-324
192.244897959184,0.838461538461538,3,1,0.999970848555918,1.48219693752374e-323
196.122448979592,0.838461538461538,3,1,0.999962622544257,1.48219693752374e-323
200,0.838461538461538,3,1,0.999975864412539,1.48219693752374e-323
10,0.861538461538461,3,1,0.99992754332337,1.48219693752374e-323
13.8775510204082,0.861538461538461,3,1,0.999948198091451,1.48219693752374e-323
17.7551020408163,0.861538461538461,3,1,0.999957522936794,1.48219693752374e-323
21.6326530612245,0.861538461538461,3,1,0.999932934035328,1.48219693752374e-323
25.5102040816327,0.861538461538461,3,1,0.999970276472247,1.48219693752374e-323
29.3877551020408,0.861538461538461,3,1,0.99995080336051,1.48219693752374e-323
33.265306122449,0.861538461538461,3,1,0.999966489295312,1.48219693752374e-323
37.1428571428571,0.861538461538461,3,1,0.999971564837608,1.97626258336499e-323
41.0204081632653,0.861538461538461,3,1,0.999969412173275,1.97626258336499e-323
44.8979591836735,0.861538461538461,3,1,0.999970397062916,1.97626258336499e-323
48.7755102040816,0.861538461538461,3,1,0.999969262746204,1.97626258336499e-323
52.6530612244898,0.861538461538461,3,1,0.999959495134379,1.97626258336499e-323
56.530612244898,0.861538461538461,3,1,0.999954660134949,1.97626258336499e-323
60.4081632653061,0.861538461538461,3,1,0.99994892640627,2.47032822920623e-323
64.2857142857143,0.861538461538461,3,1,0.999965013452699,2.47032822920623e-323
68.1632653061224,0.861538461538461,3,1,0.999970657698653,2.47032822920623e-323
72.0408163265306,0.861538461538461,3,1,0.999921937748578,2.47032822920623e-323
75.9183673469388,0.861538461538461,3,1,0.999971634128719,2.47032822920623e-323
79.7959183673469,0.861538461538461,3,1,0.999963559643384,2.47032822920623e-323
83.6734693877551,0.861538461538461,3,1,0.999956370792973,2.47032822920623e-323
87.5510204081633,0.861538461538461,3,1,0.999951604865944,2.47032822920623e-323
91.4285714285714,0.861538461538461,3,1,0.999969984771867,2.47032822920623e-323
95.3061224489796,0.861538461538461,3,1,0.999987672101214,2.47032822920623e-323
99.1836734693878,0.861538461538461,3,1,0.999946400725716,2.96439387504748e-323
103.061224489796,0.861538461538461,3,1,0.999976871176707,2.96439387504748e-323
106.938775510204,0.861538461538461,3,1,0.999966887988932,2.96439387504748e-323
110.816326530612,0.861538461538461,3,1,0.999959479071412,2.96439387504748e-323
114.69387755102,0.861538461538461,3,1,0.999953591433407,2.96439387504748e-323
118.571428571429,0.861538461538461,3,1,0.999975365880958,2.96439387504748e-323
122.448979591837,0.861538461538461,3,1,0.999961406022243,2.96439387504748e-323
126.326530612245,0.861538461538461,3,0.999968291715382,1,9.88131291682493e-324
130.204081632653,0.861538461538461,3,0.999961343954718,1,9.88131291682493e-324
134.081632653061,0.861538461538461,3,0.999999999999999,0.999948779673969,9.88131291682493e-324
137.959183673469,0.861538461538461,3,1,0.999981768159018,9.88131291682493e-324
141.836734693878,0.861538461538461,3,1,0.99996726110195,9.88131291682493e-324
145.714285714286,0.861538461538461,3,1,0.999958731478662,9.88131291682493e-324
149.591836734694,0.861538461538461,3,1,0.999952941686988,9.88131291682493e-324
153.469387755102,0.861538461538461,3,1,0.999972515879292,1.48219693752374e-323
157.34693877551,0.861538461538461,3,1,0.999996798163117,1.48219693752374e-323
161.224489795918,0.861538461538461,3,1,0.999967598432808,1.48219693752374e-323
165.102040816327,0.861538461538461,3,1,0.99996306717972,1.48219693752374e-323
168.979591836735,0.861538461538461,3,1,0.999972876851899,1.48219693752374e-323
172.857142857143,0.861538461538461,3,1,0.999962115854163,1.48219693752374e-323
176.734693877551,0.861538461538461,3,1,0.999968775223848,1.48219693752374e-323
180.612244897959,0.861538461538461,3,1,0.99997498431347,1.48219693752374e-323
184.489795918367,0.861538461538461,3,1,0.999965184518985,1.48219693752374e-323
188.367346938776,0.861538461538461,3,1,0.999970537542426,1.48219693752374e-323
192.244897959184,0.861538461538461,3,1,0.999981526775851,1.97626258336499e-323
196.122448979592,0.861538461538461,3,1,0.999933385465951,1.97626258336499e-323
200,0.861538461538461,3,1,0.999972453757411,1.97626258336499e-323
10,0.884615384615385,3,1,0.999963566550778,1.97626258336499e-323
13.8775510204082,0.884615384615385,3,1,0.999955967745362,1.97626258336499e-323
17.7551020408163,0.884615384615385,3,1,0.999955114380708,1.97626258336499e-323
21.6326530612245,0.884615384615385,3,1,0.999949672747326,2.47032822920623e-323
25.5102040816327,0.884615384615385,3,1,0.999966290528571,2.47032822920623e-323
29.3877551020408,0.884615384615385,3,1,0.999974107285976,2.47032822920623e-323
33.265306122449,0.884615384615385,3,1,0.99992825287583,2.47032822920623e-323
37.1428571428571,0.884615384615385,3,1,0.999972433695182,2.47032822920623e-323
41.0204081632653,0.884615384615385,3,1,0.999964217645587,2.47032822920623e-323
44.8979591836735,0.884615384615385,3,1,0.999956736303736,2.47032822920623e-323
48.7755102040816,0.884615384615385,3,1,0.999951958503819,2.47032822920623e-323
52.6530612244898,0.884615384615385,3,1,0.999970760880469,2.47032822920623e-323
56.530612244898,0.884615384615385,3,1,0.999991337764186,2.47032822920623e-323
60.4081632653061,0.884615384615385,3,1,0.999949522877199,2.96439387504748e-323
64.2857142857143,0.884615384615385,3,1,0.999978103310205,2.96439387504748e-323
68.1632653061224,0.884615384615385,3,1,0.999967383188918,2.96439387504748e-323
72.0408163265306,0.884615384615385,3,1,0.999960236752461,2.96439387504748e-323
75.9183673469388,0.884615384615385,3,1,0.999953896238364,2.96439387504748e-323
79.7959183673469,0.884615384615385,3,1,0.999976559955479,2.96439387504748e-323
83.6734693877551,0.884615384615385,3,1,0.999963090517891,2.96439387504748e-323
87.5510204081633,0.884615384615385,3,1.00000283654433,1,9.88131291682493e-324
91.4285714285714,0.884615384615385,3,0.99996660336488,1,9.88131291682493e-324
95.3061224489796,0.884615384615385,3,0.999959452316754,1,9.88131291682493e-324
99.1836734693878,0.884615384615385,3,1,0.999987889707868,9.88131291682493e-324
103.061224489796,0.884615384615385,3,1,0.999968640389603,9.88131291682493e-324
106.938775510204,0.884615384615385,3,1,0.999960482127416,9.88131291682493e-324
110.816326530612,0.884615384615385,3,1,0.999953532729976,9.88131291682493e-324
114.69387755102,0.884615384615385,3,1,0.999974290189292,1.48219693752374e-323
118.571428571429,0.884615384615385,3,1,0.999957838182602,1.48219693752374e-323
122.448979591837,0.884615384615385,3,1,0.999956568129345,1.48219693752374e-323
126.326530612245,0.884615384615385,3,1,0.999921373709281,1.48219693752374e-323
130.204081632653,0.884615384615385,3,1,0.999967649361024,1.48219693752374e-323
134.081632653061,0.884615384615385,3,1,0.999953684542917,1.48219693752374e-323
137.959183673469,0.884615384615385,3,1,0.99997012235203,1.48219693752374e-323
141.836734693878,0.884615384615385,3,1,0.999983521135786,1.48219693752374e-323
145.714285714286,0.884615384615385,3,1,0.999967015693896,1.48219693752374e-323
149.591836734694,0.884615384615385,3,1,0.999958565469519,1.48219693752374e-323
153.469387755102,0.884615384615385,3,1,0.999951682047632,1.97626258336499e-323
157.34693877551,0.884615384615385,3,1,0.999948413425654,1.97626258336499e-323
161.224489795918,0.884615384615385,3,1,0.999975246265939,1.97626258336499e-323
165.102040816327,0.884615384615385,3,1,0.999965472876046,1.97626258336499e-323
168.979591836735,0.884615384615385,3,1,0.999957233997603,1.97626258336499e-323
172.857142857143,0.884615384615385,3,1,0.999951963675752,1.97626258336499e-323
176.734693877551,0.884615384615385,3,1,0.999969916165054,2.47032822920623e-323
180.612244897959,0.884615384615385,3,1,0.999967345667121,2.47032822920623e-323
184.489795918367,0.884615384615385,3,1,0.999977334675818,2.47032822920623e-323
188.367346938776,0.884615384615385,3,1,0.99993374999122,2.47032822920623e-323
192.244897959184,0.884615384615385,3,1,0.999973414641565,2.47032822920623e-323
196.122448979592,0.884615384615385,3,1,0.999964988536699,2.47032822920623e-323
200,0.884615384615385,3,1,0.999957327355845,2.47032822920623e-323
10,0.907692307692308,3,1,0.99995238896682,2.47032822920623e-323
13.8775510204082,0.907692307692308,3,1,0.999971673620546,2.47032822920623e-323
17.7551020408163,0.907692307692308,3,1,0.999995444701641,2.47032822920623e-323
21.6326530612245,0.907692307692308,3,1,0.999952224939327,2.96439387504748e-323
25.5102040816327,0.907692307692308,3,1,0.999979347352078,2.96439387504748e-323
29.3877551020408,0.907692307692308,3,1,0.999967831854533,2.96439387504748e-323
33.265306122449,0.907692307692308,3,1,0.999961001810156,2.96439387504748e-323
37.1428571428571,0.907692307692308,3,1,0.999954171820575,2.96439387504748e-323
41.0204081632653,0.907692307692308,3,1,0.99994797839159,2.96439387504748e-323
44.8979591836735,0.907692307692308,3,1,0.999964381152314,2.96439387504748e-323
48.7755102040816,0.907692307692308,3,0.999979914719674,1,9.88131291682493e-324
52.6530612244898,0.907692307692308,3,0.999985267490831,1,9.88131291682493e-324
56.530612244898,0.907692307692308,3,0.99998364188704,1,9.88131291682493e-324
60.4081632653061,0.907692307692308,3,0.999977800087475,1,9.88131291682493e-324
64.2857142857143,0.907692307692308,3,1,0.999970186670535,9.88131291682493e-324
68.1632653061224,0.907692307692308,3,1,0.999959518962081,9.88131291682493e-324
72.0408163265306,0.907692307692308,3,1,0.999954192362541,9.88131291682493e-324
75.9183673469388,0.907692307692308,3,1,0.999976319635693,1.48219693752374e-323
79.7959183673469,0.907692307692308,3,1,0.999961532304021,1.48219693752374e-323
83.6734693877551,0.907692307692308,3,1,0.999961522390707,1.48219693752374e-323
87.5510204081633,0.907692307692308,3,1,0.999983784032059,1.48219693752374e-323
91.4285714285714,0.907692307692308,3,1,0.999968807402336,1.48219693752374e-323
95.3061224489796,0.907692307692308,3,1,0.999920485859778,1.48219693752374e-323
99.1836734693878,0.907692307692308,3,1,0.999969468144766,1.48219693752374e-323
103.061224489796,0.907692307692308,3,1,0.999953404323484,1.48219693752374e-323
106.938775510204,0.907692307692308,3,1,0.999973822009541,1.48219693752374e-323
110.816326530612,0.907692307692308,3,1,0.999981851962422,1.48219693752374e-323
114.69387755102,0.907692307692308,3,1,0.999953710610728,1.97626258336499e-323
118.571428571429,0.907692307692308,3,1,0.999972067562052,1.97626258336499e-323
122.448979591837,0.907692307692308,3,1,0.999981159239775,1.97626258336499e-323
126.326530612245,0.907692307692308,3,1,0.999967301349381,1.97626258336499e-323
130.204081632653,0.907692307692308,3,1,0.999958955264154,1.97626258336499e-323
134.081632653061,0.907692307692308,3,1,0.999953004026821,1.97626258336499e-323
137.959183673469,0.907692307692308,3,1,0.999972442784752,2.47032822920623e-323
141.836734693878,0.907692307692308,3,1,0.999995308978787,2.47032822920623e-323
145.714285714286,0.907692307692308,3,1,0.999949437825413,2.47032822920623e-323
149.591836734694,0.907692307692308,3,1,0.999938235999635,2.47032822920623e-323
153.469387755102,0.907692307692308,3,1,0.999974399118144,2.47032822920623e-323
157.34693877551,0.907692307692308,3,1,0.999965628662344,2.47032822920623e-323
161.224489795918,0.907692307692308,3,1,0.999957923322551,2.47032822920623e-323
165.102040816327,0.907692307692308,3,1,0.999952789723059,2.47032822920623e-323
168.979591836735,0.907692307692308,3,1,0.999972741621484,2.47032822920623e-323
172.857142857143,0.907692307692308,3,1,1.00000137854664,2.47032822920623e-323
176.734693877551,0.907692307692308,3,1,0.999955738169025,2.96439387504748e-323
180.612244897959,0.907692307692308,3,1,0.999981065871329,2.96439387504748e-323
184.489795918367,0.907692307692308,3,1,0.999968323811124,2.96439387504748e-323
188.367346938776,0.907692307692308,3,1,0.999958309430546,2.96439387504748e-323
192.244897959184,0.907692307692308,3,1,0.999954416468837,2.96439387504748e-323
196.122448979592,0.907692307692308,3,1,0.999948573774648,2.96439387504748e-323
200,0.907692307692308,3,1,0.99996474020508,2.96439387504748e-323
10,0.930769230769231,3,0.999952808479473,1,9.88131291682493e-324
13.8775510204082,0.930769230769231,3,0.999959883074928,1,9.88131291682493e-324
17.7551020408163,0.930769230769231,3,0.999940389029358,1,9.88131291682493e-324
21.6326530612245,0.930769230769231,3,0.999952282334895,1,9.88131291682493e-324
25.5102040816327,0.930769230769231,3,0.999947961891281,1,9.88131291682493e-324
29.3877551020408,0.930769230769231,3,1,0.999962052352664,9.88131291682493e-324
33.265306122449,0.930769230769231,3,1,0.999954935908169,9.88131291682493e-324
37.1428571428571,0.930769230769231,3,1,0.999948597923719,1.48219693752374e-323
41.0204081632653,0.930769230769231,3,1,0.999964232601107,1.48219693752374e-323
44.8979591836735,0.930769230769231,3,1,0.999966232418134,1.48219693752374e-323
48.7755102040816,0.930769230769231,3,1,0.999987652276193,1.48219693752374e-323
52.6530612244898,0.930769230769231,3,1,0.999969805861235,1.48219693752374e-323
56.530612244898,0.930769230769231,3,1,0.999960669018329,1.48219693752374e-323
60.4081632653061,0.930769230769231,3,1,0.999972139351223,1.48219693752374e-323
64.2857142857143,0.930769230769231,3,1,0.999922337128385,1.48219693752374e-323
68.1632653061224,0.930769230769231,3,1,0.999974859431778,1.48219693752374e-323
72.0408163265306,0.930769230769231,3,1,0.999964191487606,1.48219693752374e-323
75.9183673469388,0.930769230769231,3,1,0.999955583828736,1.97626258336499e-323
79.7959183673469,0.930769230769231,3,1,0.999948192506104,1.97626258336499e-323
83.6734693877551,0.930769230769231,3,1,0.999962812310962,1.97626258336499e-323
87.5510204081633,0.930769230769231,3,1,0.999954717335261,1.97626258336499e-323
91.4285714285714,0.930769230769231,3,1,0.999958720495172,1.97626258336499e-323
95.3061224489796,0.930769230769231,3,1,0.999953957106344,1.97626258336499e-323
99.1836734693878,0.930769230769231,3,1,0.999975355422105,2.47032822920623e-323
103.061224489796,0.930769230769231,3,1,0.999959369654967,2.47032822920623e-323
106.938775510204,0.930769230769231,3,1,0.999957724600137,2.47032822920623e-323
110.816326530612,0.930769230769231,3,1,0.999980835077543,2.47032822920623e-323
114.69387755102,0.930769230769231,3,1,0.999967859345801,2.47032822920623e-323
118.571428571429,0.930769230769231,3,1,0.999966178846053,2.47032822920623e-323
122.448979591837,0.930769230769231,3,1,0.999958527470768,2.47032822920623e-323
126.326530612245,0.930769230769231,3,1,0.999953131862675,2.47032822920623e-323
130.204081632653,0.930769230769231,3,1,0.999973761965588,2.47032822920623e-323
134.081632653061,0.930769230769231,3,1,0.999958197570554,2.47032822920623e-323
137.959183673469,0.930769230769231,3,1,0.999958812800057,2.96439387504748e-323
141.836734693878,0.930769230769231,3,1,0.999983054607711,2.96439387504748e-323
145.714285714286,0.930769230769231,3,1,0.999968929500704,2.96439387504748e-323
149.591836734694,0.930769230769231,3,1,0.999959641240722,2.96439387504748e-323
153.469387755102,0.930769230769231,3,1,0.999954766539762,2.96439387504748e-323
157.34693877551,0.930769230769231,3,1,0.9999492547972,2.96439387504748e-323
161.224489795918,0.930769230769231,3,1,0.999965726180394,2.96439387504748e-323
165.102040816327,0.930769230769231,3,0.999963942056621,1,9.88131291682493e-324
168.979591836735,0.930769230769231,3,0.99996069983324,1,9.88131291682493e-324
172.857142857143,0.930769230769231,3,0.999950627232374,1,9.88131291682493e-324
176.734693877551,0.930769230769231,3,0.999961360692217,1,9.88131291682493e-324
180.612244897959,0.930769230769231,3,0.999949837816803,1,9.88131291682493e-324
184.489795918367,0.930769230769231,3,1,0.999964181573885,9.88131291682493e-324
188.367346938776,0.930769230769231,3,1,0.999955829729287,9.88131291682493e-324
192.244897959184,0.930769230769231,3,1,0.999950067414805,1.48219693752374e-323
196.122448979592,0.930769230769231,3,1,0.999965730024275,1.48219693752374e-323
200,0.930769230769231,3,1,0.999971010265423,1.48219693752374e-323
10,0.953846153846154,3,1,0.999919442262255,1.48219693752374e-323
13.8775510204082,0.953846153846154,3,1,0.9999709318263,1.48219693752374e-323
17.7551020408163,0.953846153846154,3,1,0.999962317463535,1.48219693752374e-323
21.6326530612245,0.953846153846154,3,1,0.999955528116186,1.48219693752374e-323
25.5102040816327,0.953846153846154,3,1,0.999950277491353,1.48219693752374e-323
29.3877551020408,0.953846153846154,3,1,0.999957675876133,1.48219693752374e-323
33.265306122449,0.953846153846154,3,1,0.999927406954552,1.48219693752374e-323
37.1428571428571,0.953846153846154,3,1,0.999950460844491,1.97626258336499e-323
41.0204081632653,0.953846153846154,3,1,0.999951366337353,1.97626258336499e-323
44.8979591836735,0.953846153846154,3,1,0.999970995928058,1.97626258336499e-323
48.7755102040816,0.953846153846154,3,1,0.999969948666295,1.97626258336499e-323
52.6530612244898,0.953846153846154,3,1,0.999968087007968,1.97626258336499e-323
56.530612244898,0.953846153846154,3,1,0.999955270891683,1.97626258336499e-323
60.4081632653061,0.953846153846154,3,1,0.999949003296443,2.47032822920623e-323
64.2857142857143,0.953846153846154,3,1,0.999964173546083,2.47032822920623e-323
68.1632653061224,0.953846153846154,3,1,0.9999651998203,2.47032822920623e-323
72.0408163265306,0.953846153846154,3,1,0.999986059797449,2.47032822920623e-323
75.9183673469388,0.953846153846154,3,1,0.999969261186732,2.47032822920623e-323
79.7959183673469,0.953846153846154,3,1,0.999959445720555,2.47032822920623e-323
83.6734693877551,0.953846153846154,3,1,0.999954474472535,2.47032822920623e-323
87.5510204081633,0.953846153846154,3,1,0.999953432860771,2.47032822920623e-323
91.4285714285714,0.953846153846154,3,1,0.999974761701007,2.47032822920623e-323
95.3061224489796,0.953846153846154,3,1,0.999960305202389,2.47032822920623e-323
99.1836734693878,0.953846153846154,3,1,0.999961514343936,2.96439387504748e-323
103.061224489796,0.953846153846154,3,1,0.99998507408505,2.96439387504748e-323
106.938775510204,0.953846153846154,3,1,0.999969493957432,2.96439387504748e-323
110.816326530612,0.953846153846154,3,1,0.999960726305415,2.96439387504748e-323
114.69387755102,0.953846153846154,3,1,0.999955122164383,2.96439387504748e-323
118.571428571429,0.953846153846154,3,1,0.999949932521695,2.96439387504748e-323
122.448979591837,0.953846153846154,3,1,0.999966880310442,2.96439387504748e-323
126.326530612245,0.953846153846154,3,0.999969762083261,1,9.88131291682493e-324
130.204081632653,0.953846153846154,3,0.999971578496767,1,9.88131291682493e-324
134.081632653061,0.953846153846154,3,0.999972293920748,1,9.88131291682493e-324
137.959183673469,0.953846153846154,3,0.999988467646611,1,9.88131291682493e-324
141.836734693878,0.953846153846154,3,0.999982154271783,1,9.88131291682493e-324
145.714285714286,0.953846153846154,3,0.999987324906359,1,9.88131291682493e-324
149.591836734694,0.953846153846154,3,1,0.999957027130837,9.88131291682493e-324
153.469387755102,0.953846153846154,3,1,0.999951369491708,1.48219693752374e-323
157.34693877551,0.953846153846154,3,1,0.999968046357638,1.48219693752374e-323
161.224489795918,0.953846153846154,3,1,0.999976301202299,1.48219693752374e-323
165.102040816327,0.953846153846154,3,1,0.999929616764745,1.48219693752374e-323
168.979591836735,0.953846153846154,3,1,0.999972278776761,1.48219693752374e-323
172.857142857143,0.953846153846154,3,1,0.999963760162103,1.48219693752374e-323
176.734693877551,0.953846153846154,3,1,0.999956246936453,1.48219693752374e-323
180.612244897959,0.953846153846154,3,1,0.999951218625419,1.48219693752374e-323
184.489795918367,0.953846153846154,3,1,0.999968699176284,1.48219693752374e-323
188.367346938776,0.953846153846154,3,1,0.999980533208385,1.48219693752374e-323
192.244897959184,0.953846153846154,3,1,0.999957870526877,1.97626258336499e-323
196.122448979592,0.953846153846154,3,1,0.999919052006848,1.97626258336499e-323
200,0.953846153846154,3,1,0.999973019046288,1.97626258336499e-323
10,0.976923076923077,3,1,0.999988863817637,1.97626258336499e-323
13.8775510204082,0.976923076923077,3,1,0.999930854236538,1.97626258336499e-323
17.7551020408163,0.976923076923077,3,1,0.999971973725825,1.97626258336499e-323
21.6326530612245,0.976923076923077,3,1,0.999960859182362,2.47032822920623e-323
25.5102040816327,0.976923076923077,3,1,0.999967635848622,2.47032822920623e-323
29.3877551020408,0.976923076923077,3,1,0.999973467783321,2.47032822920623e-323
33.265306122449,0.976923076923077,3,1,0.999920993747501,2.47032822920623e-323
37.1428571428571,0.976923076923077,3,1,0.99997088356409,2.47032822920623e-323
41.0204081632653,0.976923076923077,3,1,0.999962017570536,2.47032822920623e-323
44.8979591836735,0.976923076923077,3,1,0.999955320777192,2.47032822920623e-323
48.7755102040816,0.976923076923077,3,1,0.999949822485441,2.47032822920623e-323
52.6530612244898,0.976923076923077,3,1,0.999965933241238,2.47032822920623e-323
56.530612244898,0.976923076923077,3,1,0.999961965081571,2.47032822920623e-323
60.4081632653061,0.976923076923077,3,1,0.999963957407326,2.96439387504748e-323
64.2857142857143,0.976923076923077,3,1,0.999987131624249,2.96439387504748e-323
68.1632653061224,0.976923076923077,3,1,0.999970045152486,2.96439387504748e-323
72.0408163265306,0.976923076923077,3,1,0.999961630095858,2.96439387504748e-323
75.9183673469388,0.976923076923077,3,1,0.999955461011224,2.96439387504748e-323
79.7959183673469,0.976923076923077,3,1,0.999950497952037,2.96439387504748e-323
83.6734693877551,0.976923076923077,3,1,0.999967889573296,2.96439387504748e-323
87.5510204081633,0.976923076923077,3,0.999955352958657,1,9.88131291682493e-324
91.4285714285714,0.976923076923077,3,0.999956250021003,1,9.88131291682493e-324
95.3061224489796,0.976923076923077,3,0.999957821438024,1,9.88131291682493e-324
99.1836734693878,0.976923076923077,3,0.99997698424292,1,9.88131291682493e-324
103.061224489796,0.976923076923077,3,1.00000136485907,1,9.88131291682493e-324
106.938775510204,0.976923076923077,3,0.999987016080516,1,9.88131291682493e-324
110.816326530612,0.976923076923077,3,0.99997342038998,1,9.88131291682493e-324
114.69387755102,0.976923076923077,3,1,0.999952535522212,1.48219693752374e-323
118.571428571429,0.976923076923077,3,1,0.999970472188339,1.48219693752374e-323
122.448979591837,0.976923076923077,3,1,0.9999840583816,1.48219693752374e-323
126.326530612245,0.976923076923077,3,1,0.999938615191588,1.48219693752374e-323
130.204081632653,0.976923076923077,3,1,0.999973983485176,1.48219693752374e-323
134.081632653061,0.976923076923077,3,1,0.999965062489421,1.48219693752374e-323
137.959183673469,0.976923076923077,3,1,0.999957136451125,1.48219693752374e-323
141.836734693878,0.976923076923077,3,1,0.999952054705121,1.48219693752374e-323
145.714285714286,0.976923076923077,3,1,0.999970445233266,1.48219693752374e-323
149.591836734694,0.976923076923077,3,1,0.999987465243402,1.48219693752374e-323
153.469387755102,0.976923076923077,3,1,0.99994416028453,1.97626258336499e-323
157.34693877551,0.976923076923077,3,1,0.999961383222071,1.97626258336499e-323
161.224489795918,0.976923076923077,3,1,0.999971603602776,1.97626258336499e-323
165.102040816327,0.976923076923077,3,1,0.999955295456869,1.97626258336499e-323
168.979591836735,0.976923076923077,3,1,0.999952252023134,1.97626258336499e-323
172.857142857143,0.976923076923077,3,1,0.999982199829266,1.97626258336499e-323
176.734693877551,0.976923076923077,3,1,0.99996508666203,2.47032822920623e-323
180.612244897959,0.976923076923077,3,1,0.99995691363387,2.47032822920623e-323
184.489795918367,0.976923076923077,3,1,0.999959139461094,2.47032822920623e-323
188.367346938776,0.976923076923077,3,1,0.999938314497984,2.47032822920623e-323
192.244897959184,0.976923076923077,3,1,0.999973026012459,2.47032822920623e-323
196.122448979592,0.976923076923077,3,1,0.999964106525276,2.47032822920623e-323
200,0.976923076923077,3,1,0.999956333634844,2.47032822920623e-323
10,1,3,1,0.999951197020501,2.47032822920623e-323
13.8775510204082,1,3,1,0.999968449937256,2.47032822920623e-323
17.7551020408163,1,3,1,0.999979007364444,2.47032822920623e-323
21.6326530612245,1,3,1,0.999933406994784,2.96439387504748e-323
25.5102040816327,1,3,1,0.999972838047226,2.96439387504748e-323
29.3877551020408,1,3,1,0.9999705939132,2.96439387504748e-323
33.265306122449,1,3,1,0.999962408688787,2.96439387504748e-323
37.1428571428571,1,3,1,0.999955797118437,2.96439387504748e-323
41.0204081632653,1,3,1,0.999950971308335,2.96439387504748e-323
44.8979591836735,1,3,1,0.999968780620556,2.96439387504748e-323
48.7755102040816,1,3,0.999971005376394,1,1.48219693752374e-323
52.6530612244898,1,3,0.999970257439124,1,1.48219693752374e-323
56.530612244898,1,3,0.999972387295586,1,1.48219693752374e-323
60.4081632653061,1,3,0.999958176124596,1,1.48219693752374e-323
64.2857142857143,1,3,0.99995827004776,1,1.48219693752374e-323
68.1632653061224,1,3,0.999961104019058,1,1.48219693752374e-323
72.0408163265306,1,3,0.999952966995209,1,1.48219693752374e-323
75.9183673469388,1,3,0.999999999999999,0.999967043423738,1.48219693752374e-323
79.7959183673469,1,3,1,0.999973371041514,1.48219693752374e-323
83.6734693877551,1,3,1,0.999996122625515,1.48219693752374e-323
87.5510204081633,1,3,1,0.999948008823443,1.48219693752374e-323
91.4285714285714,1,3,1,0.999976271081392,1.48219693752374e-323
95.3061224489796,1,3,1,0.999966295260649,1.48219693752374e-323
99.1836734693878,1,3,1,0.999958309142509,1.48219693752374e-323
103.061224489796,1,3,1,0.999952826525663,1.48219693752374e-323
106.938775510204,1,3,1,0.999972332445379,1.48219693752374e-323
110.816326530612,1,3,1,0.999996422887649,1.48219693752374e-323
114.69387755102,1,3,1,0.999951169977712,1.97626258336499e-323
118.571428571429,1,3,1,0.999977975374904,1.97626258336499e-323
122.448979591837,1,3,1,0.999967028838544,1.97626258336499e-323
126.326530612245,1,3,1,0.999961713208301,1.97626258336499e-323
130.204081632653,1,3,1,0.99995738482808,1.97626258336499e-323
134.081632653061,1,3,1,0.999986739820343,1.97626258336499e-323
137.959183673469,1,3,1,0.999968284511951,2.47032822920623e-323
141.836734693878,1,3,1,0.999958644365471,2.47032822920623e-323
145.714285714286,1,3,1,0.999952794323458,2.47032822920623e-323
149.591836734694,1,3,1,0.999969552749809,2.47032822920623e-323
153.469387755102,1,3,1,0.999977186677426,2.47032822920623e-323
157.34693877551,1,3,1,0.999966089347591,2.47032822920623e-323
161.224489795918,1,3,1,0.999957670753705,2.47032822920623e-323
165.102040816327,1,3,1,0.999952329823297,2.47032822920623e-323
168.979591836735,1,3,1,0.99997084283352,2.47032822920623e-323
172.857142857143,1,3,1,0.999988288773644,2.47032822920623e-323
176.734693877551,1,3,1,0.999944158596521,2.96439387504748e-323
180.612244897959,1,3,1,0.999975278172649,2.96439387504748e-323
184.489795918367,1,3,1,0.999965754257716,2.96439387504748e-323
188.367346938776,1,3,1,0.99995770618462,2.96439387504748e-323
192.244897959184,1,3,1,0.999956136977057,2.96439387504748e-323
196.122448979592,1,3,1,0.999951384180434,2.96439387504748e-323
200,1,3,1,0.999969591935547,2.96439387504748e-323
